day,hours_global,hours_tr,hours_tr_phase,illum
2027-05-01,3,0,0,0.2583353786615303
2027-05-02,1,0,0,0.1762977875765421
2027-05-03,0,0,0,0.10559255706133837
2027-05-04,0,0,0,0.05042879058066426
2027-05-05,0,0,0,0.015016194837559208
2027-05-06,0,0,0,0.003004751981351752
2027-05-07,0,0,0,0.016797667280674666
2027-05-08,0,0,0,0.05693204336804245
2027-05-09,2,1,1,0.12175166760019945
2027-05-10,5,2,2,0.2075073575344141
2027-05-11,7,3,3,0.30884812041623505
2027-05-12,17,4,4,0.4195194764806378
2027-05-13,20,4,4,0.5330519577368535
2027-05-14,23,5,0,0.643298296278178
2027-05-15,24,5,0,0.7447874498580976
2027-05-16,24,5,0,0.8329372698616725
2027-05-17,24,6,0,0.9041831530706368
2027-05-18,24,6,0,0.9560556197776907
2027-05-19,24,5,0,0.9872066764262315
2027-05-20,24,4,0,0.9973669845335421
2027-05-21,24,3,0,0.9872214747177908
2027-05-22,24,4,0,0.9582131432746563
2027-05-23,23,3,0,0.9123084124372313
2027-05-24,21,3,0,0.85176973554112
2027-05-25,19,2,0,0.778978046306392
2027-05-26,15,2,0,0.6963337559899364
2027-05-27,13,2,1,0.6062480308962531
2027-05-28,11,2,2,0.5112212985210169
2027-05-29,9,2,2,0.41399357563171524
2027-05-30,6,1,1,0.3177372558634537
2027-05-31,2,1,1,0.22624206167954364
2027-06-01,1,0,0,0.14401229616181588
2027-06-02,0,0,0,0.07616805309177425
2027-06-03,0,0,0,0.02804289031892677
2027-06-04,0,0,0,0.004441364188348775
2027-06-05,0,0,0,0.00867783427297903
2027-06-06,0,0,0,0.04170133111258236
2027-06-07,0,0,0,0.10167660622115932
2027-06-08,5,2,2,0.18423054573839137
2027-06-09,8,2,2,0.28325989741294877
2027-06-10,10,3,3,0.39195532500632907
2027-06-11,15,3,3,0.5036851752842647
2027-06-12,18,3,3,0.6125521979943184
2027-06-13,21,4,0,0.7136283410052635
2027-06-14,22,4,0,0.8029776914007436
2027-06-15,24,4,0,0.8775875783835095
2027-06-16,24,5,0,0.9352869640566562
2027-06-17,24,4,0,0.9746822189792416
2027-06-18,24,4,0,0.9951057037588639
2027-06-19,24,3,0,0.9965582449366196
2027-06-20,24,4,0,0.9796295888093632
2027-06-21,24,4,0,0.9453940572464751
2027-06-22,24,4,0,0.8952937275770317
2027-06-23,24,4,0,0.8310321017436727
2027-06-24,22,4,0,0.7545045966267735
2027-06-25,20,3,1,0.6677888595564769
2027-06-26,18,3,3,0.573209779679887
2027-06-27,14,3,3,0.47348161939936567
2027-06-28,8,2,2,0.3719102824898315
2027-06-29,6,2,2,0.27260729125010436
2027-06-30,3,2,2,0.1806212580878915
2027-07-01,0,0,0,0.10184452490083422
2027-07-02,0,0,0,0.04254227462531581
2027-07-03,0,0,0,0.008441869252971732
2027-07-04,0,0,0,0.003541654476524427
2027-07-05,0,0,0,0.02905647890998957
2027-07-06,1,0,0,0.08299011383457829
2027-07-07,1,0,0,0.16056483193828341
2027-07-08,3,0,0,0.25529598939815584
2027-07-09,8,2,2,0.36021931805261437
2027-07-10,11,2,2,0.4688374553828374
2027-07-11,12,2,2,0.5756161365505089
2027-07-12,18,3,0,0.6760961664098151
2027-07-13,21,3,0,0.7667847276090652
2027-07-14,23,3,0,0.844975417073956
2027-07-15,24,4,0,0.9085886539866093
2027-07-16,24,4,0,0.956068583011688
2027-07-17,24,5,0,0.9863352332566361
2027-07-18,24,4,0,0.9987716740475169
2027-07-19,24,6,0,0.9932212267300762
2027-07-20,24,6,0,0.9699754092893093
2027-07-21,24,5,0,0.9297452421361544
2027-07-22,24,5,0,0.8736225079078359
2027-07-23,23,5,0,0.8030493262679256
2027-07-24,22,5,0,0.7198208072389981
2027-07-25,21,4,2,0.6261446738394175
2027-07-26,19,5,5,0.5247718688863479
2027-07-27,13,4,4,0.41919008117442974
2027-07-28,8,3,3,0.3138331773439629
2027-07-29,6,3,3,0.21420292491883774
2027-07-30,3,2,2,0.12674188590125066
2027-07-31,0,0,0,0.05828807143189293
2027-08-01,0,0,0,0.015056412228665684
2027-08-02,0,0,0,0.0013528965000514231
2027-08-03,0,0,0,0.01850323584570588
2027-08-04,0,0,0,0.06451083080903422
2027-08-05,0,0,0,0.1346234164942167
2027-08-06,1,0,0,0.22250958669117138
2027-08-07,2,0,0,0.3215042769899233
2027-08-08,6,0,0,0.42550419251177934
2027-08-09,9,1,1,0.5293869249338444
2027-08-10,15,1,0,0.6290521732545775
2027-08-11,21,2,0,0.72125869230153
2027-08-12,23,3,0,0.8034039128011194
2027-08-13,24,4,0,0.8733348679945333
2027-08-14,24,5,0,0.9292285229315128
2027-08-15,24,6,0,0.969546524200834
2027-08-16,24,7,0,0.9930504995731817
2027-08-17,24,7,0,0.9988546602971669
2027-08-18,24,8,0,0.9864903449081434
2027-08-19,24,8,0,0.9559618462197492
2027-08-20,24,7,0,0.9077836511939256
2027-08-21,24,7,0,0.8430035116732825
2027-08-22,23,7,0,0.7632289969298709
2027-08-23,23,6,3,0.670681874291925
2027-08-24,20,5,5,0.5682994595566727
2027-08-25,16,4,4,0.459880185323916
2027-08-26,12,3,3,0.35022900667370843
2027-08-27,8,3,3,0.24520107734847282
2027-08-28,4,2,2,0.15149257789888274
2027-08-29,0,1,1,0.07603743281034135
2027-08-30,0,0,0,0.024998069696956223
2027-08-31,0,0,0,0.0025827411889602753
2027-09-01,0,0,0,0.010138074891180009
2027-09-02,0,0,0,0.045938223739289526
2027-09-03,0,0,0,0.10576599061322046
2027-09-04,1,0,0,0.18398572195210297
2027-09-05,2,0,0,0.2746405690719816
2027-09-06,3,0,0,0.372232110617772
2027-09-07,7,0,0,0.47208528812899603
2027-09-08,12,2,2,0.5703822464695892
2027-09-09,20,3,0,0.6640094450943479
2027-09-10,22,4,0,0.7503433318421632
2027-09-11,24,5,0,0.8270557977706737
2027-09-12,24,7,0,0.8919821765501563
2027-09-13,24,7,0,0.9430688978242104
2027-09-14,24,8,0,0.9784013419312919
2027-09-15,24,9,0,0.9962998545752325
2027-09-16,24,9,0,0.9954611184154373
2027-09-17,24,9,0,0.9751147823198015
2027-09-18,24,9,0,0.9351651323707381
2027-09-19,24,8,0,0.876297064926857
2027-09-20,24,8,0,0.8000425280306048
2027-09-21,23,7,0,0.7088203371739109
2027-09-22,21,7,5,0.6059683744333032
2027-09-23,18,5,5,0.4957740066414595
2027-09-24,11,4,4,0.3834742752276267
2027-09-25,8,4,4,0.27515198569531857
2027-09-26,6,3,3,0.1774236866201184
2027-09-27,2,2,2,0.09684104736379283
2027-09-28,0,0,0,0.03903839623033795
2027-09-29,0,0,0,0.007828721387307695
2027-09-30,0,0,0,0.0045691875252425185
2027-10-01,0,0,0,0.028062447752021286
2027-10-02,0,0,0,0.07502854231011725
2027-10-03,0,0,0,0.140928349236949
2027-10-04,1,0,0,0.22081552195048879
2027-10-05,3,0,0,0.3099715712426563
2027-10-06,8,1,1,0.4042368258860387
2027-10-07,14,3,3,0.5000769076968277
2027-10-08,20,4,4,0.5944785442629815
2027-10-09,23,5,0,0.6847676754690109
2027-10-10,23,7,0,0.7684200546625558
2027-10-11,24,8,0,0.8429120744857311
2027-10-12,24,8,0,0.905644487494275
2027-10-13,24,9,0,0.953961488245698
2027-10-14,24,10,0,0.9852759912102124
2027-10-15,24,10,0,0.9972936353852311
2027-10-16,24,11,0,0.9883030239989729
2027-10-17,24,10,0,0.9574755908868896
2027-10-18,24,10,0,0.9051083034407285
2027-10-19,24,9,0,0.8327561290588084
2027-10-20,24,8,0,0.7432357661193785
2027-10-21,22,6,2,0.6405195409070039
2027-10-22,20,5,5,0.5295561757896116
2027-10-23,16,4,4,0.4160426092107666
2027-10-24,8,4,4,0.3061382252152008
2027-10-25,6,3,3,0.20608661635093592
2027-10-26,2,2,2,0.1217197528130296
2027-10-27,0,0,0,0.05787701840351192
2027-10-28,0,0,0,0.017853576123077305
2027-10-29,0,0,0,0.0030425737219357423
2027-10-30,0,0,0,0.012901773429267795
2027-10-31,0,0,0,0.04526038611416458
2027-11-01,0,0,0,0.09685341279962616
2027-11-02,0,0,0,0.16390578863597896
2027-11-03,3,1,1,0.2426114243376892
2027-11-04,9,2,2,0.3294274162611935
2027-11-05,15,3,3,0.42117889076230003
2027-11-06,19,4,4,0.5150151932378843
2027-11-07,21,5,5,0.6082725468112724
2027-11-08,23,6,0,0.6982957467533994
2027-11-09,24,7,0,0.7822659152358297
2027-11-10,24,8,0,0.8570801471151622
2027-11-11,24,9,0,0.9193313930269005
2027-11-12,24,10,0,0.9654351889296847
2027-11-13,24,11,0,0.9919311329428925
2027-11-14,24,12,0,0.9959413252408956
2027-11-15,24,11,0,0.975700856790338
2027-11-16,24,10,0,0.9310170760114181
2027-11-17,24,9,0,0.8635083585906963
2027-11-18,24,8,0,0.7765409707647054
2027-11-19,23,7,2,0.6748940676517905
2027-11-20,20,6,6,0.5642711477169725
2027-11-21,16,5,5,0.450792196982481
2027-11-22,11,5,5,0.34055045217317875
2027-11-23,8,4,4,0.23924873889889212
2027-11-24,3,2,2,0.15188936262155311
2027-11-25,0,0,0,0.08249552569583539
2027-11-26,0,0,0,0.033876739224671736
2027-11-27,0,0,0,0.007484481956168037
2027-11-28,0,0,0,0.003409361592650463
2027-11-29,0,0,0,0.020539527715638838
2027-11-30,0,0,0,0.05684942529657202
2027-12-01,0,0,0,0.10974748915540022
2027-12-02,1,2,2,0.17640103584866507
2027-12-03,9,3,3,0.25397557040616275
2027-12-04,14,4,4,0.33975825875962723
2027-12-05,18,5,5,0.4311649390095662
2027-12-06,19,6,6,0.5256490533805813
2027-12-07,21,7,5,0.6205410614393713
2027-12-08,23,8,0,0.7128551464504255
2027-12-09,24,9,0,0.7991132318606322
2027-12-10,24,9,0,0.8752564848555959
2027-12-11,24,10,0,0.936733318468431
2027-12-12,24,12,0,0.9788478085179357
2027-12-13,24,12,0,0.9973927132721881
2027-12-14,24,12,0,0.9894656813942987
2027-12-15,24,11,0,0.9542234372954378
2027-12-16,24,9,0,0.8932742624088457
2027-12-17,24,8,0,0.81052743209517
2027-12-18,24,7,0,0.7115610090222223
2027-12-19,22,6,4,0.6027704054926774
2027-12-20,19,5,5,0.4905896079799737
2027-12-21,15,5,5,0.3809547811361496
2027-12-22,8,3,3,0.27902412302431273
2027-12-23,4,2,2,0.1890730548073268
2027-12-24,0,0,0,0.11446889899387867
2027-12-25,0,0,0,0.057663672504109593
2027-12-26,0,0,0,0.020189560931225845
2027-12-27,0,0,0,0.0026738821006221957
2027-12-28,0,0,0,0.004899031354956072
2027-12-29,0,0,0,0.02592057719806878
2027-12-30,0,0,0,0.06423407368202011
2027-12-31,1,1,1,0.11796113510369825
2028-01-01,5,2,2,0.18501646694707607
2028-01-02,11,3,3,0.2632210132178712
2028-01-03,15,4,4,0.35033764889616975
2028-01-04,18,5,5,0.4440194275557359
2028-01-05,20,6,6,0.5416739681132822
2028-01-06,23,7,0,0.6402635565774882
2028-01-07,24,8,0,0.736084796002423
2028-01-08,24,8,0,0.8246086646647189
2028-01-09,24,9,0,0.9005051619798343
2028-01-10,24,10,0,0.9579961013125927
2028-01-11,24,11,0,0.9916198299312922
2028-01-12,24,11,0,0.9973116408130079
2028-01-13,24,11,0,0.9734586742029379
2028-01-14,24,9,0,0.9214639056205304
2028-01-15,24,8,0,0.8455245437968996
2028-01-16,24,7,0,0.7517277863895021
2028-01-17,24,6,1,0.6468883664425544
2028-01-18,21,5,5,0.5375707138779432
2028-01-19,17,4,4,0.42951696188620825
2028-01-20,10,3,3,0.3274593185171883
2028-01-21,5,1,1,0.23517140603271217
2028-01-22,2,0,0,0.15560813499596537
2028-01-23,0,0,0,0.09103582632592111
2028-01-24,0,0,0,0.043112623017596385
2028-01-25,0,0,0,0.012921450824541133
2028-01-26,0,0,0,0.0009797697411237326
2028-01-27,0,0,0,0.0072546527976247764
2028-01-28,0,0,0,0.031202905365834383
2028-01-29,0,0,0,0.07183989624592806
2028-01-30,3,2,2,0.12782409504321016
2028-01-31,5,3,3,0.19753248321441683
2028-02-01,8,4,4,0.27909773457631276
2028-02-02,13,5,5,0.3703813106221567
2028-02-03,17,6,6,0.4688666464334861
2028-02-04,21,7,7,0.5714747117952835
2028-02-05,23,8,0,0.6743350491279974
2028-02-06,24,8,0,0.7725938196659211
2028-02-07,24,9,0,0.8604006907395685
2028-02-08,24,10,0,0.9312540543484572
2028-02-09,24,11,0,0.9788284831099187
2028-02-10,24,11,0,0.9981979149534577
2028-02-11,24,10,0,0.9870612197376962
2028-02-12,24,9,0,0.946409695705834
2028-02-13,24,8,0,0.8802798855391809
2028-02-14,24,6,0,0.7947232395676466
2028-02-15,24,5,0,0.6965057883199579
2028-02-16,21,5,5,0.5920515800535149
2028-02-17,16,4,4,0.4868658974676405
2028-02-18,11,2,2,0.3853940784902931
2028-02-19,7,0,0,0.2911426130926973
2028-02-20,2,0,0,0.2068933230336063
2028-02-21,1,0,0,0.13490072749247706
2028-02-22,0,0,0,0.07702229613195365
2028-02-23,0,0,0,0.034772704911604474
2028-02-24,0,0,0,0.009317188380590246
2028-02-25,0,0,0,0.0014304827051665608
2028-02-26,0,0,0,0.011449693020103237
2028-02-27,0,0,0,0.03924304409944896
2028-02-28,1,1,1,0.0842036247405002
2028-02-29,3,2,2,0.14526139056343543
2028-03-01,6,3,3,0.22089265103069447
2028-03-02,11,4,4,0.3090987367539118
2028-03-03,15,5,5,0.4073282339400917
2028-03-04,18,6,6,0.5123333849291221
2028-03-05,22,7,2,0.6199847650064275
2028-03-06,24,7,0,0.7251211275012484
2028-03-07,24,8,0,0.8215736583895792
2028-03-08,24,8,0,0.9025381972298413
2028-03-09,24,9,0,0.9614066926042554
2028-03-10,24,10,0,0.9929595061955233
2028-03-11,24,8,0,0.9945332738039846
2028-03-12,24,7,0,0.9666415497532909
2028-03-13,24,7,0,0.912734178169627
2028-03-14,24,5,0,0.8382327630576957
2028-03-15,23,4,0,0.7493172068715199
2028-03-16,20,4,0,0.6519318229513065
2028-03-17,15,2,2,0.5512302482625471
2028-03-18,10,2,2,0.4514280751448186
2028-03-19,7,1,1,0.3559129683461257
2028-03-20,3,0,0,0.26745948864389685
2028-03-21,1,0,0,0.18844304848870633
2028-03-22,0,0,0,0.12099650835029278
2028-03-23,0,0,0,0.06708749462695611
2028-03-24,0,0,0,0.028515954451378778
2028-03-25,0,0,0,0.006845427515482704
2028-03-26,0,0,0,0.003291375150022008
2028-03-27,0,0,0,0.018595321950889202
2028-03-28,0,0,0,0.05291207800105757
2028-03-29,3,2,2,0.10572736247486676
2028-03-30,5,3,3,0.17580678163478777
2028-03-31,8,4,4,0.2611606187184757
2028-04-01,12,5,5,0.3590009615673904
2028-04-02,16,6,6,0.46567632107287427
2028-04-03,21,6,6,0.5765984045785136
2028-04-04,24,7,0,0.6862231414436857
2028-04-05,24,7,0,0.7881967312533565
2028-04-06,24,7,0,0.8757904660981084
2028-04-07,24,8,0,0.9426769123646729
2028-04-08,24,8,0,0.983928417946851
2028-04-09,24,7,0,0.9969232089030964
2028-04-10,24,6,0,0.981784231598385
2028-04-11,24,5,0,0.9411539759626478
2028-04-12,24,4,0,0.8794263863296191
2028-04-13,22,3,0,0.8017822161826019
2028-04-14,21,3,0,0.7133708400227438
2028-04-15,18,2,0,0.6188155477213243
2028-04-16,13,2,2,0.5220426936029589
2028-04-17,9,1,1,0.42633852804639977
2028-04-18,5,0,0,0.3345211430859579
2028-04-19,3,0,0,0.24913895846965758
2028-04-20,2,0,0,0.17263787982896958
2028-04-21,1,0,0,0.10746228853596418
2028-04-22,0,0,0,0.0560699608790201
2028-04-23,0,0,0,0.02085314011117474
2028-04-24,0,0,0,0.003972388311545794
2028-04-25,0,0,0,0.007127770967107032
2028-04-26,0,0,0,0.031309096448449224
2028-04-27,0,0,0,0.07657502763265676
2028-04-28,2,2,2,0.14190288868283105
2028-04-29,5,2,2,0.22512786155702338
2028-04-30,10,3,3,0.3229634257981611
2028-05-01,17,4,4,0.43108089366511515
2028-05-02,21,4,4,0.5442358458064147
2028-05-03,24,5,0,0.6564598781714017
2028-05-04,24,5,0,0.7613672700311253
2028-05-05,24,6,0,0.8526273022678104
2028-05-06,24,6,0,0.9245994302884865
2028-05-07,24,6,0,0.9730278438533229
2028-05-08,24,6,0,0.9956000948927389
2028-05-09,24,4,0,0.9921697835198721
2028-05-10,24,4,0,0.9645570961847357
2028-05-11,23,3,0,0.916011870889016
2028-05-12,22,3,0,0.8505423428810867
2028-05-13,20,2,0,0.7723171435494396
2028-05-14,17,2,0,0.6852653142795951
2028-05-15,14,2,2,0.592899192813937
2028-05-16,13,2,2,0.4983183523761851
2028-05-17,9,1,1,0.40432864092741316
2028-05-18,6,1,1,0.313613203148658
2028-05-19,3,0,0,0.22890348226910548
2028-05-20,1,0,0,0.1531065992905645
2028-05-21,0,0,0,0.0893492854114162
2028-05-22,0,0,0,0.04090267349481302
2028-05-23,0,0,0,0.010965487344763693
2028-05-24,0,0,0,0.002312983308454505
2028-05-25,0,0,0,0.016864139624829317
2028-05-26,0,0,0,0.0552639795179753
2028-05-27,0,0,0,0.11659469690202819
2028-05-28,5,2,2,0.19829905855890698
2028-05-29,8,3,3,0.29633112895213964
2028-05-30,13,3,3,0.4054799077449438
2028-05-31,17,3,3,0.5197800373175134
2028-06-01,19,4,0,0.6329408550925172
2028-06-02,21,4,0,0.7387670398593426
2028-06-03,23,5,0,0.8315740733947563
2028-06-04,24,5,0,0.9065966743894732
2028-06-05,24,6,0,0.9603534882919663
2028-06-06,24,4,0,0.9908962544209321
2028-06-07,24,3,0,0.9978702679826591
2028-06-08,24,4,0,0.9823573637038914
2028-06-09,24,4,0,0.9465414847084354
2028-06-10,24,4,0,0.8932908211632049
2028-06-11,23,4,0,0.8257625818018443
2028-06-12,21,3,0,0.747109017406109
2028-06-13,20,3,1,0.6603190563740181
2028-06-14,15,3,3,0.5681915084482458
2028-06-15,12,2,2,0.4734132060618663
2028-06-16,8,2,2,0.3787062256669278
2028-06-17,7,2,2,0.2870043165709861
2028-06-18,2,1,1,0.2016123896039772
2028-06-19,0,0,0,0.1262917330213034
2028-06-20,0,0,0,0.06520273600670752
2028-06-21,0,0,0,0.022641052652179434
2028-06-22,0,0,0,0.0025425687941064375
2028-06-23,0,0,0,0.00781719380132666
2028-06-24,0,0,0,0.03967719796619845
2028-06-25,1,0,0,0.09718750026387434
2028-06-26,2,0,0,0.17721737737900448
2028-06-27,6,0,0,0.27481862210353497
2028-06-28,8,1,1,0.3838859282618494
2028-06-29,11,1,1,0.4978782943679743
2028-06-30,16,2,2,0.6104249238753935
2028-07-01,19,2,0,0.7157467402707011
2028-07-02,22,3,0,0.8089157578983088
2028-07-03,24,3,0,0.886009372477543
2028-07-04,24,4,0,0.9442026576334054
2028-07-05,24,5,0,0.9818089154161885
2028-07-06,24,4,0,0.9982549096696332
2028-07-07,24,5,0,0.9939758726889737
2028-07-08,24,5,0,0.9702336518914391
2028-07-09,24,5,0,0.928885710177744
2028-07-10,24,5,0,0.8721487704957439
2028-07-11,24,5,0,0.80240187486238
2028-07-12,23,4,0,0.7220620121365219
2028-07-13,20,4,2,0.6335486923754613
2028-07-14,19,3,3,0.5393382488004577
2028-07-15,14,3,3,0.4420959339775794
2028-07-16,8,2,2,0.3448610109304437
2028-07-17,6,2,2,0.2512416053629176
2028-07-18,2,2,2,0.16554861822955386
2028-07-19,0,0,0,0.09276695135652081
2028-07-20,0,0,0,0.03825020257005016
2028-07-21,0,0,0,0.00707130708110193
2028-07-22,0,0,0,0.003096486827661877
2028-07-23,0,0,0,0.028039505820663186
2028-07-24,0,0,0,0.08087093952655695
2028-07-25,0,0,0,0.1578650299514519
2028-07-26,1,0,0,0.2532763416466509
2028-07-27,4,0,0,0.3603495614334507
2028-07-28,8,1,1,0.47228125739155874
2028-07-29,14,2,2,0.5828850194932661
2028-07-30,16,2,0,0.686914551116518
2028-07-31,23,3,0,0.7801359269855204
2028-08-01,24,4,0,0.8592747069931161
2028-08-02,24,5,0,0.9219319825198767
2028-08-03,24,6,0,0.9665129843614434
2028-08-04,24,5,0,0.9921715451114315
2028-08-05,24,7,0,0.9987535364344167
2028-08-06,24,8,0,0.9867212481081432
2028-08-07,24,7,0,0.9570520006851247
2028-08-08,24,7,0,0.9111197107378645
2028-08-09,24,7,0,0.8505804187741085
2028-08-10,23,6,0,0.7772880805281379
2028-08-11,22,6,0,0.6932651066504231
2028-08-12,21,5,5,0.6007451357694262
2028-08-13,17,5,5,0.5022945396228299
2028-08-14,13,4,4,0.4010024745858107
2028-08-15,8,3,3,0.3007020905970359
2028-08-16,6,3,3,0.20614349358105885
2028-08-17,3,2,2,0.12298816808913914
2028-08-18,0,0,0,0.057465678877633285
2028-08-19,0,0,0,0.015586863941388597
2028-08-20,0,0,0,0.0019945587709782006
2028-08-21,0,0,0,0.018803969944665294
2028-08-22,0,0,0,0.06494116348453984
2028-08-23,0,0,0,0.13632495174712475
2028-08-24,1,0,0,0.226808030331771
2028-08-25,2,0,0,0.3294262827265595
2028-08-26,6,0,0,0.4374662978406388
2028-08-27,9,2,2,0.5450955600826877
2028-08-28,15,3,0,0.647567368123806
2028-08-29,22,4,0,0.7411534289821686
2028-08-30,24,5,0,0.8229674644674905
2028-08-31,24,6,0,0.8907903858427072
2028-09-01,24,7,0,0.9429476815230894
2028-09-02,24,8,0,0.9782461700140965
2028-09-03,24,8,0,0.9959532004667135
2028-09-04,24,9,0,0.9957930246791321
2028-09-05,24,9,0,0.9779381938299899
2028-09-06,24,8,0,0.9429845009551966
2028-09-07,24,8,0,0.8919119579539899
2028-09-08,24,7,0,0.8260472136225082
2028-09-09,23,7,0,0.7470511576478458
2028-09-10,23,6,3,0.6569570678746245
2028-09-11,20,5,5,0.5582780583518083
2028-09-12,16,4,4,0.45418521963033415
2028-09-13,11,3,3,0.3487250987964842
2028-09-14,7,3,3,0.24699343602623047
2028-09-15,3,2,2,0.15511976849092293
2028-09-16,0,0,0,0.07988273498358582
2028-09-17,0,0,0,0.027840748635582058
2028-09-18,0,0,0,0.004082829223103511
2028-09-19,0,0,0,0.011008521416987152
2028-09-20,0,0,0,0.04769289612652883
2028-09-21,0,0,0,0.11016869167649894
2028-09-22,1,0,0,0.19247194102695264
2028-09-23,3,0,0,0.287936826097529
2028-09-24,7,1,1,0.3902398051069195
2028-09-25,11,2,2,0.4939682145911657
2028-09-26,19,3,3,0.594758555821353
2028-09-27,23,4,0,0.689172769477902
2028-09-28,24,5,0,0.7744769175515578
2028-09-29,24,7,0,0.8484307443267204
2028-09-30,24,8,0,0.909140583632653
2028-10-01,24,9,0,0.9549893238180545
2028-10-02,24,10,0,0.9846343691375989
2028-10-03,24,10,0,0.9970524325915072
2028-10-04,24,11,0,0.9916053518050707
2028-10-05,24,10,0,0.9681032352617428
2028-10-06,24,10,0,0.9268499513009741
2028-10-07,24,9,0,0.8686695958964047
2028-10-08,24,8,0,0.7949272143250597
2028-10-09,23,7,0,0.7075673299393351
2028-10-10,21,6,4,0.6091941745047355
2028-10-11,18,5,5,0.5032028128529831
2028-10-12,13,4,4,0.3939364532568377
2028-10-13,9,4,4,0.28679213488088456
2028-10-14,5,3,3,0.18813845152756226
2028-10-15,2,2,2,0.1048857844999151
2028-10-16,0,0,0,0.043625856921420035
2028-10-17,0,0,0,0.009467668172891665
2028-10-18,0,0,0,0.004955122471399914
2028-10-19,0,0,0,0.02954459333246845
2028-10-20,0,0,0,0.07989587773600847
2028-10-21,1,0,0,0.150814407736801
2028-10-22,2,0,0,0.2363974022087626
2028-10-23,8,2,2,0.3309621113091021
2028-10-24,13,3,3,0.429564097348987
2028-10-25,20,4,4,0.5281360830118548
2028-10-26,22,5,3,0.6233833561276498
2028-10-27,23,6,0,0.7125749785402445
2028-10-28,24,7,0,0.793329429675207
2028-10-29,24,8,0,0.8634506868142616
2028-10-30,24,8,0,0.9208407052938679
2028-10-31,24,9,0,0.9634954255007985
2028-11-01,24,10,0,0.989578004083525
2028-11-02,24,11,0,0.9975510572220149
2028-11-03,24,11,0,0.9863395171785165
2028-11-04,24,10,0,0.95549087769647
2028-11-05,24,9,0,0.9053042777055035
2028-11-06,24,8,0,0.8369146882275974
2028-11-07,24,7,0,0.7523380211507377
2028-11-08,23,6,2,0.654496909822032
2028-11-09,21,5,5,0.5472443548524248
2028-11-10,16,4,4,0.43537750348521936
2028-11-11,11,4,4,0.3245906233448675
2028-11-12,6,3,3,0.221273671546354
2028-11-13,2,1,1,0.13205632936904935
2028-11-14,0,0,0,0.06306682379657057
2028-11-15,0,0,0,0.019025690068956533
2028-11-16,0,0,0,0.0024539144802837956
2028-11-17,0,0,0,0.013311023506625136
2028-11-18,0,0,0,0.04921844903201055
2028-11-19,0,0,0,0.10615611399610185
2028-11-20,1,2,2,0.1793336662220221
2028-11-21,8,3,3,0.2639391986548231
2028-11-22,14,4,4,0.35560524299134255
2028-11-23,18,5,5,0.4505821628499342
2028-11-24,19,6,6,0.5456961891201016
2028-11-25,22,7,0,0.6381892115428365
2028-11-26,23,8,0,0.7255211070322839
2028-11-27,24,9,0,0.805191627043914
2028-11-28,24,9,0,0.8746212321026302
2028-11-29,24,10,0,0.9311196637440965
2028-11-30,24,11,0,0.971961841200943
2028-12-01,24,11,0,0.994575851311149
2028-12-02,24,11,0,0.9968236968524017
2028-12-03,24,11,0,0.9773260266673599
2028-12-04,24,10,0,0.9357599156432114
2028-12-05,24,9,0,0.8730591447298792
2028-12-06,24,8,0,0.7914751776940209
2028-12-07,23,7,2,0.694501806026397
2028-12-08,21,6,6,0.5867017470699677
2028-12-09,18,5,5,0.47347814827128665
2028-12-10,13,5,5,0.3608070354423057
2028-12-11,7,3,3,0.2549096782535896
2028-12-12,3,2,2,0.16182867991609254
2028-12-13,0,0,0,0.08690214262011464
2028-12-14,0,0,0,0.03420247367711884
2028-12-15,0,0,0,0.006079179401376619
2028-12-16,0,0,0,0.0029591745086204138
2028-12-17,0,0,0,0.02348402860897301
2028-12-18,0,0,0,0.06493662972877356
2028-12-19,1,2,2,0.12380791432141024
2028-12-20,5,3,3,0.19633276946762568
2028-12-21,11,4,4,0.27887624675890954
2028-12-22,15,5,5,0.3681291666230762
2028-12-23,18,6,6,0.46113295218327527
2028-12-24,21,6,6,0.5551823163726904
2028-12-25,23,7,0,0.6476591279011267
2028-12-26,24,8,0,0.7358462710331278
2028-12-27,24,8,0,0.8167676975436224
2028-12-28,24,9,0,0.8871037073886976
2028-12-29,24,10,0,0.9432342494727587
2028-12-30,24,11,0,0.9814559132546102
2028-12-31,24,12,0,0.9983857441305011
2029-01-01,24,12,0,0.9915013902991051
2029-01-02,24,10,0,0.9596908877607468
2029-01-03,24,9,0,0.9036417885310493
2029-01-04,24,8,0,0.8259324533231726
2029-01-05,24,7,0,0.7307963583003159
2029-01-06,24,6,1,0.6236521033562533
2029-01-07,21,5,5,0.5105528746666708
2029-01-08,16,4,4,0.39768362496177234
2029-01-09,9,3,3,0.2909586751408237
2029-01-10,3,1,1,0.1957053630077341
2029-01-11,0,0,0,0.11639684129898498
2029-01-12,0,0,0,0.0564185023367042
2029-01-13,0,0,0,0.017891589355521053
2029-01-14,0,0,0,0.001602163944151883
2029-01-15,0,0,0,0.007074070562424112
2029-01-16,0,0,0,0.032784734400289686
2029-01-17,0,0,0,0.07647618664399614
2029-01-18,3,2,2,0.13548652807298578
2029-01-19,5,3,3,0.20702983087627405
2029-01-20,8,4,4,0.2883773308835465
2029-01-21,15,5,5,0.3769233721818542
2029-01-22,18,6,6,0.47014354782963075
2029-01-23,21,7,7,0.5654667437828335
2029-01-24,22,8,0,0.6600917789869787
2029-01-25,23,8,0,0.7507903585424048
2029-01-26,24,9,0,0.8337564305097608
2029-01-27,24,10,0,0.904585662810918
2029-01-28,24,10,0,0.9584820569087408
2029-01-29,24,11,0,0.9907612731701936
2029-01-30,24,11,0,0.9976230084808807
2029-01-31,24,9,0,0.9770102310537868
2029-02-01,24,9,0,0.9292483417728282
2029-02-02,24,8,0,0.8571832078805096
2029-02-03,24,6,0,0.7657453960691711
2029-02-04,24,5,0,0.6611300529533825
2029-02-05,21,5,5,0.5499131741950537
2029-02-06,16,4,4,0.4383617617134203
2029-02-07,10,2,2,0.332029372752577
2029-02-08,4,0,0,0.23558826075388997
2029-02-09,1,0,0,0.15279417999018582
2029-02-10,0,0,0,0.08649573725493835
2029-02-11,0,0,0,0.038645896163243425
2029-02-12,0,0,0,0.010315536187415923
2029-02-13,0,0,0,0.0017311515028157105
2029-02-14,0,0,0,0.012358073243208733
2029-02-15,0,0,0,0.04103382134806239
2029-02-16,0,2,2,0.08613494898696543
2029-02-17,4,3,3,0.14574570399575656
2029-02-18,7,4,4,0.21779309266898372
2029-02-19,10,4,4,0.30011915508439896
2029-02-20,15,5,5,0.39047269736450496
2029-02-21,17,6,6,0.4864155432374993
2029-02-22,20,7,7,0.5851525931377161
2029-02-23,23,8,0,0.6833149055055397
2029-02-24,24,7,0,0.7767565174021206
2029-02-25,24,8,0,0.860469230098743
2029-02-26,24,9,0,0.9287577873035411
2029-02-27,24,9,0,0.9758053738056969
2029-02-28,24,10,0,0.9966382985233411
