night_istanbul,session,start_utc,end_utc,start_istanbul,end_istanbul,duration_min,sampled_hours,best_utc,best_istanbul,illum,moon_alt_tug,moon_alt_dag,n_sites_available,n_turkish
2027-05-09,evening (waxing),2027-05-09T18:00Z,2027-05-09T18:35Z,2027-05-09T21:00+03:00,2027-05-09T21:35+03:00,35,1,2027-05-09T18:00Z,2027-05-09T21:00+03:00,0.142,26.7,19.3,6,3
2027-05-10,evening (waxing),2027-05-10T18:00Z,2027-05-10T19:30Z,2027-05-10T21:00+03:00,2027-05-10T22:30+03:00,90,2,2027-05-10T19:00Z,2027-05-10T22:00+03:00,0.237,26.0,18.3,9,6
2027-05-11,evening (waxing),2027-05-11T18:00Z,2027-05-11T20:15Z,2027-05-11T21:00+03:00,2027-05-11T23:15+03:00,135,3,2027-05-11T19:00Z,2027-05-11T22:00+03:00,0.342,35.3,26.8,12,7
2027-05-12,evening (waxing),2027-05-12T18:05Z,2027-05-12T20:55Z,2027-05-12T21:05+03:00,2027-05-12T23:55+03:00,170,2,2027-05-12T19:00Z,2027-05-12T22:00+03:00,0.455,43.0,34.0,13,7
2027-05-13,evening (waxing),2027-05-13T18:05Z,2027-05-13T21:30Z,2027-05-13T21:05+03:00,2027-05-14T00:30+03:00,205,3,2027-05-13T21:00Z,2027-05-14T00:00+03:00,0.578,25.9,17.1,15,6
2027-05-27,morning (waning),2027-05-28T00:10Z,2027-05-28T01:35Z,2027-05-28T03:10+03:00,2027-05-28T04:35+03:00,85,1,2027-05-28T01:00Z,2027-05-28T04:00+03:00,0.553,28.4,32.1,10,6
2027-05-28,morning (waning),2027-05-29T00:30Z,2027-05-29T01:35Z,2027-05-29T03:30+03:00,2027-05-29T04:35+03:00,65,1,2027-05-29T01:00Z,2027-05-29T04:00+03:00,0.457,26.0,31.4,9,6
2027-05-29,morning (waning),2027-05-30T00:50Z,2027-05-30T01:30Z,2027-05-30T03:50+03:00,2027-05-30T04:30+03:00,40,1,2027-05-30T01:00Z,2027-05-30T04:00+03:00,0.359,22.4,29.2,6,4
2027-06-09,evening (waxing),2027-06-09T18:30Z,2027-06-09T19:30Z,2027-06-09T21:30+03:00,2027-06-09T22:30+03:00,60,1,2027-06-09T19:00Z,2027-06-09T22:00+03:00,0.316,26.3,17.5,9,6
2027-06-10,evening (waxing),2027-06-10T18:30Z,2027-06-10T20:00Z,2027-06-10T21:30+03:00,2027-06-10T23:00+03:00,90,2,2027-06-10T19:00Z,2027-06-10T22:00+03:00,0.427,31.7,22.6,12,7
2027-06-11,evening (waxing),2027-06-11T18:30Z,2027-06-11T20:25Z,2027-06-11T21:30+03:00,2027-06-11T23:25+03:00,115,2,2027-06-11T19:00Z,2027-06-11T22:00+03:00,0.538,35.4,26.4,12,7
2027-06-26,morning (waning),2027-06-26T23:15Z,2027-06-27T01:30Z,2027-06-27T02:15+03:00,2027-06-27T04:30+03:00,135,2,2027-06-27T00:00Z,2027-06-27T03:00+03:00,0.522,29.1,35.9,12,7
2027-06-27,morning (waning),2027-06-27T23:40Z,2027-06-28T01:30Z,2027-06-28T02:40+03:00,2027-06-28T04:30+03:00,110,2,2027-06-28T00:00Z,2027-06-28T03:00+03:00,0.421,24.3,32.3,11,7
2027-06-28,morning (waning),2027-06-29T00:10Z,2027-06-29T01:30Z,2027-06-29T03:10+03:00,2027-06-29T04:30+03:00,80,1,2027-06-29T01:00Z,2027-06-29T04:00+03:00,0.315,30.2,38.3,9,6
2027-06-29,morning (waning),2027-06-30T00:50Z,2027-06-30T01:30Z,2027-06-30T03:50+03:00,2027-06-30T04:30+03:00,40,1,2027-06-30T01:00Z,2027-06-30T04:00+03:00,0.219,22.8,31.6,8,6
2027-07-10,evening (waxing),2027-07-10T18:30Z,2027-07-10T19:15Z,2027-07-10T21:30+03:00,2027-07-10T22:15+03:00,45,1,2027-07-10T19:00Z,2027-07-10T22:00+03:00,0.503,22.5,13.7,7,4
2027-07-25,morning (waning),2027-07-25T22:10Z,2027-07-26T01:50Z,2027-07-26T01:10+03:00,2027-07-26T04:50+03:00,220,3,2027-07-25T23:00Z,2027-07-26T02:00+03:00,0.579,30.3,38.2,13,7
2027-07-26,morning (waning),2027-07-26T22:45Z,2027-07-27T01:55Z,2027-07-27T01:45+03:00,2027-07-27T04:55+03:00,190,3,2027-07-26T23:00Z,2027-07-27T02:00+03:00,0.475,23.7,32.4,12,7
2027-07-27,morning (waning),2027-07-27T23:25Z,2027-07-28T01:55Z,2027-07-28T02:25+03:00,2027-07-28T04:55+03:00,150,2,2027-07-28T00:00Z,2027-07-28T03:00+03:00,0.364,27.4,36.2,12,7
2027-07-28,morning (waning),2027-07-29T00:15Z,2027-07-29T01:55Z,2027-07-29T03:15+03:00,2027-07-29T04:55+03:00,100,1,2027-07-29T01:00Z,2027-07-29T04:00+03:00,0.256,29.3,38.3,10,7
2027-08-09,evening (waxing),2027-08-09T18:00Z,2027-08-09T18:25Z,2027-08-09T21:00+03:00,2027-08-09T21:25+03:00,25,1,2027-08-09T18:00Z,2027-08-09T21:00+03:00,0.557,22.9,15.7,4,1
2027-08-24,morning (waning),2027-08-24T22:05Z,2027-08-25T02:20Z,2027-08-25T01:05+03:00,2027-08-25T05:20+03:00,255,4,2027-08-25T01:00Z,2027-08-25T04:00+03:00,0.508,54.2,61.7,15,7
2027-08-25,morning (waning),2027-08-25T23:00Z,2027-08-26T02:25Z,2027-08-26T02:00+03:00,2027-08-26T05:25+03:00,205,4,2027-08-26T00:00Z,2027-08-26T03:00+03:00,0.403,32.0,40.9,12,7
2027-08-26,morning (waning),2027-08-27T00:00Z,2027-08-27T02:25Z,2027-08-27T03:00+03:00,2027-08-27T05:25+03:00,145,3,2027-08-27T01:00Z,2027-08-27T04:00+03:00,0.29,31.8,40.7,12,7
2027-08-27,morning (waning),2027-08-28T01:05Z,2027-08-28T02:25Z,2027-08-28T04:05+03:00,2027-08-28T05:25+03:00,80,1,2027-08-28T02:00Z,2027-08-28T05:00+03:00,0.186,30.4,39.3,9,6
2027-09-08,evening (waxing),2027-09-08T17:15Z,2027-09-08T18:25Z,2027-09-08T20:15+03:00,2027-09-08T21:25+03:00,70,1,2027-09-08T18:00Z,2027-09-08T21:00+03:00,0.597,22.2,15.8,7,3
2027-09-22,morning (waning),2027-09-22T21:50Z,2027-09-23T02:50Z,2027-09-23T00:50+03:00,2027-09-23T05:50+03:00,300,5,2027-09-23T02:00Z,2027-09-23T05:00+03:00,0.54,68.0,73.6,16,7
2027-09-23,morning (waning),2027-09-23T22:55Z,2027-09-24T02:50Z,2027-09-24T01:55+03:00,2027-09-24T05:50+03:00,235,4,2027-09-24T02:00Z,2027-09-24T05:00+03:00,0.428,56.0,63.5,14,7
2027-09-24,morning (waning),2027-09-25T00:00Z,2027-09-25T02:50Z,2027-09-25T03:00+03:00,2027-09-25T05:50+03:00,170,3,2027-09-25T01:00Z,2027-09-25T04:00+03:00,0.321,31.5,40.2,12,7
2027-09-25,morning (waning),2027-09-26T01:10Z,2027-09-26T02:50Z,2027-09-26T04:10+03:00,2027-09-26T05:50+03:00,100,1,2027-09-26T02:00Z,2027-09-26T05:00+03:00,0.214,29.6,38.1,11,7
2027-10-06,evening (waxing),2027-10-06T16:35Z,2027-10-06T17:15Z,2027-10-06T19:35+03:00,2027-10-06T20:15+03:00,40,1,2027-10-06T17:00Z,2027-10-06T20:00+03:00,0.426,21.7,14.9,4,2
2027-10-07,evening (waxing),2027-10-07T16:30Z,2027-10-07T18:25Z,2027-10-07T19:30+03:00,2027-10-07T21:25+03:00,115,2,2027-10-07T17:00Z,2027-10-07T20:00+03:00,0.522,26.8,21.2,9,7
2027-10-21,morning (waning),2027-10-21T21:55Z,2027-10-22T03:15Z,2027-10-22T00:55+03:00,2027-10-22T06:15+03:00,320,6,2027-10-22T02:00Z,2027-10-22T05:00+03:00,0.574,66.9,71.1,18,7
2027-10-22,morning (waning),2027-10-22T23:00Z,2027-10-23T03:15Z,2027-10-23T02:00+03:00,2027-10-23T06:15+03:00,255,5,2027-10-23T02:00Z,2027-10-23T05:00+03:00,0.461,54.5,60.7,16,7
2027-10-23,morning (waning),2027-10-24T00:10Z,2027-10-24T03:15Z,2027-10-24T03:10+03:00,2027-10-24T06:15+03:00,185,3,2027-10-24T01:00Z,2027-10-24T04:00+03:00,0.353,30.0,38.0,12,7
2027-10-24,morning (waning),2027-10-25T01:20Z,2027-10-25T03:15Z,2027-10-25T04:20+03:00,2027-10-25T06:15+03:00,115,2,2027-10-25T02:00Z,2027-10-25T05:00+03:00,0.244,28.1,35.6,12,7
2027-10-25,morning (waning),2027-10-26T02:30Z,2027-10-26T03:15Z,2027-10-26T05:30+03:00,2027-10-26T06:15+03:00,45,1,2027-10-26T03:00Z,2027-10-26T06:00+03:00,0.149,26.0,32.6,6,5
2027-11-03,evening (waxing),2027-11-03T16:00Z,2027-11-03T16:10Z,2027-11-03T19:00+03:00,2027-11-03T19:10+03:00,10,1,2027-11-03T16:00Z,2027-11-03T19:00+03:00,0.258,21.2,14.0,3,1
2027-11-04,evening (waxing),2027-11-04T16:00Z,2027-11-04T17:20Z,2027-11-04T19:00+03:00,2027-11-04T20:20+03:00,80,2,2027-11-04T16:00Z,2027-11-04T19:00+03:00,0.346,27.6,21.4,7,5
2027-11-05,evening (waxing),2027-11-05T16:00Z,2027-11-05T18:30Z,2027-11-05T19:00+03:00,2027-11-05T21:30+03:00,150,3,2027-11-05T17:00Z,2027-11-05T20:00+03:00,0.443,30.2,23.4,12,7
2027-11-06,evening (waxing),2027-11-06T15:55Z,2027-11-06T19:40Z,2027-11-06T18:55+03:00,2027-11-06T22:40+03:00,225,4,2027-11-06T17:00Z,2027-11-06T20:00+03:00,0.537,37.0,31.4,13,7
2027-11-20,morning (waning),2027-11-20T23:10Z,2027-11-21T03:40Z,2027-11-21T02:10+03:00,2027-11-21T06:40+03:00,270,4,2027-11-21T02:00Z,2027-11-21T05:00+03:00,0.496,50.9,54.8,16,7
2027-11-21,morning (waning),2027-11-22T00:20Z,2027-11-22T03:40Z,2027-11-22T03:20+03:00,2027-11-22T06:40+03:00,200,3,2027-11-22T03:00Z,2027-11-22T06:00+03:00,0.379,47.4,50.0,14,7
2027-11-22,morning (waning),2027-11-23T01:30Z,2027-11-23T03:40Z,2027-11-23T04:30+03:00,2027-11-23T06:40+03:00,130,2,2027-11-23T02:00Z,2027-11-23T05:00+03:00,0.277,25.7,31.5,12,7
2027-11-23,morning (waning),2027-11-24T02:45Z,2027-11-24T03:45Z,2027-11-24T05:45+03:00,2027-11-24T06:45+03:00,60,1,2027-11-24T03:00Z,2027-11-24T06:00+03:00,0.18,23.2,28.1,9,6
2027-12-02,evening (waxing),2027-12-02T15:45Z,2027-12-02T16:15Z,2027-12-02T18:45+03:00,2027-12-02T19:15+03:00,30,1,2027-12-02T16:00Z,2027-12-02T19:00+03:00,0.19,22.3,14.3,5,3
2027-12-03,evening (waxing),2027-12-03T15:45Z,2027-12-03T17:25Z,2027-12-03T18:45+03:00,2027-12-03T20:25+03:00,100,2,2027-12-03T16:00Z,2027-12-03T19:00+03:00,0.269,30.8,23.4,11,7
2027-12-04,evening (waxing),2027-12-04T15:45Z,2027-12-04T18:30Z,2027-12-04T18:45+03:00,2027-12-04T21:30+03:00,165,3,2027-12-04T17:00Z,2027-12-04T20:00+03:00,0.36,33.1,25.1,12,7
2027-12-05,evening (waxing),2027-12-05T15:45Z,2027-12-05T19:30Z,2027-12-05T18:45+03:00,2027-12-05T22:30+03:00,225,4,2027-12-05T16:00Z,2027-12-05T19:00+03:00,0.449,45.9,40.6,13,7
2027-12-06,evening (waxing),2027-12-06T15:45Z,2027-12-06T20:30Z,2027-12-06T18:45+03:00,2027-12-06T23:30+03:00,285,5,2027-12-06T19:00Z,2027-12-06T22:00+03:00,0.555,36.4,27.5,16,7
2027-12-19,morning (waning),2027-12-19T23:20Z,2027-12-20T04:05Z,2027-12-20T02:20+03:00,2027-12-20T07:05+03:00,285,5,2027-12-20T03:00Z,2027-12-20T06:00+03:00,0.53,49.9,47.9,17,7
2027-12-20,morning (waning),2027-12-21T00:35Z,2027-12-21T04:05Z,2027-12-21T03:35+03:00,2027-12-21T07:05+03:00,210,4,2027-12-21T03:00Z,2027-12-21T06:00+03:00,0.419,40.5,40.8,14,7
2027-12-21,morning (waning),2027-12-22T01:50Z,2027-12-22T04:05Z,2027-12-22T04:50+03:00,2027-12-22T07:05+03:00,135,3,2027-12-22T03:00Z,2027-12-22T06:00+03:00,0.314,30.3,32.3,12,7
2027-12-22,morning (waning),2027-12-23T03:05Z,2027-12-23T04:05Z,2027-12-23T06:05+03:00,2027-12-23T07:05+03:00,60,1,2027-12-23T04:00Z,2027-12-23T07:00+03:00,0.215,27.0,28.2,6,5
2027-12-31,evening (waxing),2027-12-31T15:55Z,2027-12-31T16:15Z,2027-12-31T18:55+03:00,2027-12-31T19:15+03:00,20,1,2027-12-31T16:00Z,2027-12-31T19:00+03:00,0.129,23.1,14.3,4,2
2028-01-01,evening (waxing),2028-01-01T15:55Z,2028-01-01T17:20Z,2028-01-01T18:55+03:00,2028-01-01T20:20+03:00,85,2,2028-01-01T16:00Z,2028-01-01T19:00+03:00,0.198,33.0,24.5,9,5
2028-01-02,evening (waxing),2028-01-02T15:55Z,2028-01-02T18:20Z,2028-01-02T18:55+03:00,2028-01-02T21:20+03:00,145,3,2028-01-02T17:00Z,2028-01-02T20:00+03:00,0.282,34.3,25.4,12,7
2028-01-03,evening (waxing),2028-01-03T16:00Z,2028-01-03T19:20Z,2028-01-03T19:00+03:00,2028-01-03T22:20+03:00,200,4,2028-01-03T17:00Z,2028-01-03T20:00+03:00,0.371,44.6,35.9,12,7
2028-01-04,evening (waxing),2028-01-04T16:00Z,2028-01-04T20:15Z,2028-01-04T19:00+03:00,2028-01-04T23:15+03:00,255,5,2028-01-04T19:00Z,2028-01-04T22:00+03:00,0.474,35.2,26.1,16,7
2028-01-05,evening (waxing),2028-01-05T16:00Z,2028-01-05T21:15Z,2028-01-05T19:00+03:00,2028-01-06T00:15+03:00,315,6,2028-01-05T20:00Z,2028-01-05T23:00+03:00,0.577,35.2,26.3,18,7
2028-01-17,morning (waning),2028-01-17T23:35Z,2028-01-18T04:05Z,2028-01-18T02:35+03:00,2028-01-18T07:05+03:00,270,5,2028-01-18T03:00Z,2028-01-18T06:00+03:00,0.576,40.2,36.8,17,7
2028-01-18,morning (waning),2028-01-19T00:55Z,2028-01-19T04:05Z,2028-01-19T03:55+03:00,2028-01-19T07:05+03:00,190,4,2028-01-19T02:00Z,2028-01-19T05:00+03:00,0.472,28.5,29.7,13,7
2028-01-19,morning (waning),2028-01-20T02:10Z,2028-01-20T04:05Z,2028-01-20T05:10+03:00,2028-01-20T07:05+03:00,115,2,2028-01-20T03:00Z,2028-01-20T06:00+03:00,0.362,25.4,26.0,12,7
2028-01-20,morning (waning),2028-01-21T03:30Z,2028-01-21T04:05Z,2028-01-21T06:30+03:00,2028-01-21T07:05+03:00,35,1,2028-01-21T04:00Z,2028-01-21T07:00+03:00,0.262,23.2,23.3,3,3
2028-01-30,evening (waxing),2028-01-30T16:20Z,2028-01-30T17:10Z,2028-01-30T19:20+03:00,2028-01-30T20:10+03:00,50,1,2028-01-30T17:00Z,2028-01-30T20:00+03:00,0.142,22.5,13.5,7,4
2028-01-31,evening (waxing),2028-01-31T16:25Z,2028-01-31T18:10Z,2028-01-31T19:25+03:00,2028-01-31T21:10+03:00,105,2,2028-01-31T17:00Z,2028-01-31T20:00+03:00,0.215,33.4,24.3,12,7
2028-02-01,evening (waxing),2028-02-01T16:25Z,2028-02-01T19:05Z,2028-02-01T19:25+03:00,2028-02-01T22:05+03:00,160,3,2028-02-01T17:00Z,2028-02-01T20:00+03:00,0.299,44.4,35.3,12,7
2028-02-02,evening (waxing),2028-02-02T16:25Z,2028-02-02T20:05Z,2028-02-02T19:25+03:00,2028-02-02T23:05+03:00,220,4,2028-02-02T19:00Z,2028-02-02T22:00+03:00,0.4,33.0,24.4,14,7
2028-02-03,evening (waxing),2028-02-03T16:25Z,2028-02-03T21:05Z,2028-02-03T19:25+03:00,2028-02-04T00:05+03:00,280,5,2028-02-03T20:00Z,2028-02-03T23:00+03:00,0.505,33.0,24.6,17,7
2028-02-04,evening (waxing),2028-02-04T16:25Z,2028-02-04T18:05Z,2028-02-04T19:25+03:00,2028-02-04T21:05+03:00,100,2,2028-02-04T17:00Z,2028-02-04T20:00+03:00,0.595,75.6,67.8,15,7
2028-02-16,morning (waning),2028-02-17T01:15Z,2028-02-17T03:45Z,2028-02-17T04:15+03:00,2028-02-17T06:45+03:00,150,2,2028-02-17T02:00Z,2028-02-17T05:00+03:00,0.528,24.5,24.5,13,7
2028-02-17,morning (waning),2028-02-18T02:30Z,2028-02-18T03:45Z,2028-02-18T05:30+03:00,2028-02-18T06:45+03:00,75,1,2028-02-18T03:00Z,2028-02-18T06:00+03:00,0.42,22.8,22.5,8,5
2028-02-28,evening (waxing),2028-02-28T16:50Z,2028-02-28T17:00Z,2028-02-28T19:50+03:00,2028-02-28T20:00+03:00,10,1,2028-02-28T17:00Z,2028-02-28T20:00+03:00,0.096,20.5,12.0,3,3
2028-02-29,evening (waxing),2028-02-29T16:50Z,2028-02-29T18:00Z,2028-02-29T19:50+03:00,2028-02-29T21:00+03:00,70,2,2028-02-29T17:00Z,2028-02-29T20:00+03:00,0.161,31.7,23.0,9,5
2028-03-01,evening (waxing),2028-03-01T16:50Z,2028-03-01T18:55Z,2028-03-01T19:50+03:00,2028-03-01T21:55+03:00,125,2,2028-03-01T18:00Z,2028-03-01T21:00+03:00,0.243,31.4,23.1,12,7
2028-03-02,evening (waxing),2028-03-02T16:55Z,2028-03-02T19:55Z,2028-03-02T19:55+03:00,2028-03-02T22:55+03:00,180,3,2028-03-02T18:00Z,2028-03-02T21:00+03:00,0.334,42.9,34.3,12,7
2028-03-03,evening (waxing),2028-03-03T16:55Z,2028-03-03T20:55Z,2028-03-03T19:55+03:00,2028-03-03T23:55+03:00,240,4,2028-03-03T20:00Z,2028-03-03T23:00+03:00,0.444,31.3,23.4,16,7
2028-03-04,evening (waxing),2028-03-04T16:55Z,2028-03-04T21:55Z,2028-03-04T19:55+03:00,2028-03-05T00:55+03:00,300,5,2028-03-04T21:00Z,2028-03-05T00:00+03:00,0.555,31.1,23.4,17,7
2028-03-16,morning (waning),2028-03-17T01:20Z,2028-03-17T03:10Z,2028-03-17T04:20+03:00,2028-03-17T06:10+03:00,110,2,2028-03-17T02:00Z,2028-03-17T05:00+03:00,0.591,23.4,22.6,9,5
2028-03-17,morning (waning),2028-03-18T02:10Z,2028-03-18T03:05Z,2028-03-18T05:10+03:00,2028-03-18T06:05+03:00,55,1,2028-03-18T03:00Z,2028-03-18T06:00+03:00,0.486,24.0,22.9,5,2
2028-03-18,morning (waning),2028-03-19T02:50Z,2028-03-19T03:05Z,2028-03-19T05:50+03:00,2028-03-19T06:05+03:00,15,1,2028-03-19T03:00Z,2028-03-19T06:00+03:00,0.389,21.3,22.2,3,1
2028-03-30,evening (waxing),2028-03-30T17:20Z,2028-03-30T18:50Z,2028-03-30T20:20+03:00,2028-03-30T21:50+03:00,90,1,2028-03-30T18:00Z,2028-03-30T21:00+03:00,0.197,30.1,22.2,12,7
2028-03-31,evening (waxing),2028-03-31T17:20Z,2028-03-31T19:50Z,2028-03-31T20:20+03:00,2028-03-31T22:50+03:00,150,2,2028-03-31T18:00Z,2028-03-31T21:00+03:00,0.286,41.4,33.1,12,7
2028-04-01,evening (waxing),2028-04-01T17:20Z,2028-04-01T20:45Z,2028-04-01T20:20+03:00,2028-04-01T23:45+03:00,205,3,2028-04-01T18:00Z,2028-04-01T21:00+03:00,0.387,52.5,43.7,14,7
2028-04-02,evening (waxing),2028-04-02T17:20Z,2028-04-02T21:40Z,2028-04-02T20:20+03:00,2028-04-03T00:40+03:00,260,4,2028-04-02T21:00Z,2028-04-03T00:00+03:00,0.509,27.8,20.0,16,7
2028-04-15,morning (waning),2028-04-16T01:20Z,2028-04-16T02:20Z,2028-04-16T04:20+03:00,2028-04-16T05:20+03:00,60,1,2028-04-16T02:00Z,2028-04-16T05:00+03:00,0.56,24.6,25.0,9,5
2028-04-16,morning (waning),2028-04-17T01:45Z,2028-04-17T02:20Z,2028-04-17T04:45+03:00,2028-04-17T05:20+03:00,35,1,2028-04-17T02:00Z,2028-04-17T05:00+03:00,0.464,22.5,24.8,5,2
2028-04-28,evening (waxing),2028-04-28T17:50Z,2028-04-28T18:40Z,2028-04-28T20:50+03:00,2028-04-28T21:40+03:00,50,1,2028-04-28T18:00Z,2028-04-28T21:00+03:00,0.162,28.4,20.7,7,4
2028-04-29,evening (waxing),2028-04-29T17:50Z,2028-04-29T19:35Z,2028-04-29T20:50+03:00,2028-04-29T22:35+03:00,105,2,2028-04-29T19:00Z,2028-04-29T22:00+03:00,0.254,27.2,19.5,10,6
2028-04-30,evening (waxing),2028-04-30T17:50Z,2028-04-30T20:25Z,2028-04-30T20:50+03:00,2028-04-30T23:25+03:00,155,3,2028-04-30T19:00Z,2028-04-30T22:00+03:00,0.356,36.6,28.1,12,7
2028-05-01,evening (waxing),2028-05-01T17:50Z,2028-05-01T21:05Z,2028-05-01T20:50+03:00,2028-05-02T00:05+03:00,195,4,2028-05-01T19:00Z,2028-05-01T22:00+03:00,0.466,44.8,35.8,13,7
2028-05-02,evening (waxing),2028-05-02T17:55Z,2028-05-02T21:40Z,2028-05-02T20:55+03:00,2028-05-03T00:40+03:00,225,4,2028-05-02T21:00Z,2028-05-03T00:00+03:00,0.589,28.5,19.6,15,6
2028-05-15,morning (waning),2028-05-16T00:30Z,2028-05-16T01:45Z,2028-05-16T03:30+03:00,2028-05-16T04:45+03:00,75,1,2028-05-16T01:00Z,2028-05-16T04:00+03:00,0.54,25.4,29.1,9,6
2028-05-16,morning (waning),2028-05-17T00:50Z,2028-05-17T01:40Z,2028-05-17T03:50+03:00,2028-05-17T04:40+03:00,50,1,2028-05-17T01:00Z,2028-05-17T04:00+03:00,0.445,22.5,27.9,6,3
2028-05-28,evening (waxing),2028-05-28T18:20Z,2028-05-28T19:05Z,2028-05-28T21:20+03:00,2028-05-28T22:05+03:00,45,1,2028-05-28T19:00Z,2028-05-28T22:00+03:00,0.227,21.4,13.4,5,4
2028-05-29,evening (waxing),2028-05-29T18:20Z,2028-05-29T19:40Z,2028-05-29T21:20+03:00,2028-05-29T22:40+03:00,80,1,2028-05-29T19:00Z,2028-05-29T22:00+03:00,0.329,28.8,20.0,11,7
2028-05-30,evening (waxing),2028-05-30T18:20Z,2028-05-30T20:15Z,2028-05-30T21:20+03:00,2028-05-30T23:15+03:00,115,2,2028-05-30T19:00Z,2028-05-30T22:00+03:00,0.441,34.8,25.7,13,7
2028-05-31,evening (waxing),2028-05-31T18:20Z,2028-05-31T20:45Z,2028-05-31T21:20+03:00,2028-05-31T23:45+03:00,145,2,2028-05-31T19:00Z,2028-05-31T22:00+03:00,0.556,38.9,30.0,13,7
2028-06-14,morning (waning),2028-06-14T23:30Z,2028-06-15T01:30Z,2028-06-15T02:30+03:00,2028-06-15T04:30+03:00,120,2,2028-06-15T00:00Z,2028-06-15T03:00+03:00,0.519,25.7,32.2,11,7
2028-06-15,morning (waning),2028-06-15T23:55Z,2028-06-16T01:30Z,2028-06-16T02:55+03:00,2028-06-16T04:30+03:00,95,2,2028-06-16T01:00Z,2028-06-16T04:00+03:00,0.42,32.9,39.5,9,6
2028-06-16,morning (waning),2028-06-17T00:20Z,2028-06-17T01:30Z,2028-06-17T03:20+03:00,2028-06-17T04:30+03:00,70,1,2028-06-17T01:00Z,2028-06-17T04:00+03:00,0.326,28.0,35.8,9,6
2028-06-17,morning (waning),2028-06-18T00:50Z,2028-06-18T01:30Z,2028-06-18T03:50+03:00,2028-06-18T04:30+03:00,40,1,2028-06-18T01:00Z,2028-06-18T04:00+03:00,0.238,22.0,30.6,6,4
2028-06-28,evening (waxing),2028-06-28T18:35Z,2028-06-28T19:15Z,2028-06-28T21:35+03:00,2028-06-28T22:15+03:00,40,1,2028-06-28T19:00Z,2028-06-28T22:00+03:00,0.419,23.0,13.9,6,3
2028-06-29,evening (waxing),2028-06-29T18:35Z,2028-06-29T19:40Z,2028-06-29T21:35+03:00,2028-06-29T22:40+03:00,65,1,2028-06-29T19:00Z,2028-06-29T22:00+03:00,0.534,26.7,18.0,8,5
2028-07-13,morning (waning),2028-07-13T22:25Z,2028-07-14T01:40Z,2028-07-14T01:25+03:00,2028-07-14T04:40+03:00,195,3,2028-07-13T23:00Z,2028-07-14T02:00+03:00,0.589,27.8,35.4,13,7
2028-07-14,morning (waning),2028-07-14T22:50Z,2028-07-15T01:40Z,2028-07-15T01:50+03:00,2028-07-15T04:40+03:00,170,3,2028-07-15T00:00Z,2028-07-15T03:00+03:00,0.489,34.1,41.8,12,7
2028-07-15,morning (waning),2028-07-15T23:25Z,2028-07-16T01:45Z,2028-07-16T02:25+03:00,2028-07-16T04:45+03:00,140,2,2028-07-16T00:00Z,2028-07-16T03:00+03:00,0.391,27.6,36.1,12,7
2028-07-16,morning (waning),2028-07-17T00:00Z,2028-07-17T01:45Z,2028-07-17T03:00+03:00,2028-07-17T04:45+03:00,105,2,2028-07-17T01:00Z,2028-07-17T04:00+03:00,0.291,31.6,40.3,9,6
2028-07-17,morning (waning),2028-07-18T00:50Z,2028-07-18T01:45Z,2028-07-18T03:50+03:00,2028-07-18T04:45+03:00,55,1,2028-07-18T01:00Z,2028-07-18T04:00+03:00,0.201,22.6,31.6,8,6
2028-08-12,morning (waning),2028-08-12T22:00Z,2028-08-13T02:10Z,2028-08-13T01:00+03:00,2028-08-13T05:10+03:00,250,5,2028-08-13T01:00Z,2028-08-13T04:00+03:00,0.546,55.8,62.2,16,7
2028-08-13,morning (waning),2028-08-13T22:40Z,2028-08-14T02:10Z,2028-08-14T01:40+03:00,2028-08-14T05:10+03:00,210,4,2028-08-13T23:00Z,2028-08-14T02:00+03:00,0.454,24.2,33.2,13,7
2028-08-14,morning (waning),2028-08-14T23:30Z,2028-08-15T02:15Z,2028-08-15T02:30+03:00,2028-08-15T05:15+03:00,165,3,2028-08-15T00:00Z,2028-08-15T03:00+03:00,0.348,26.3,35.2,12,7
2028-08-15,morning (waning),2028-08-16T00:25Z,2028-08-16T02:15Z,2028-08-16T03:25+03:00,2028-08-16T05:15+03:00,110,2,2028-08-16T01:00Z,2028-08-16T04:00+03:00,0.246,26.9,35.9,12,7
2028-08-16,morning (waning),2028-08-17T01:30Z,2028-08-17T02:15Z,2028-08-17T04:30+03:00,2028-08-17T05:15+03:00,45,1,2028-08-17T02:00Z,2028-08-17T05:00+03:00,0.154,26.4,35.3,7,4
2028-08-27,evening (waxing),2028-08-27T17:35Z,2028-08-27T18:25Z,2028-08-27T20:35+03:00,2028-08-27T21:25+03:00,50,1,2028-08-27T18:00Z,2028-08-27T21:00+03:00,0.574,22.3,15.5,6,3
2028-09-10,morning (waning),2028-09-11T01:40Z,2028-09-11T02:40Z,2028-09-11T04:40+03:00,2028-09-11T05:40+03:00,60,1,2028-09-11T02:00Z,2028-09-11T05:00+03:00,0.598,72.8,74.8,15,6
2028-09-11,morning (waning),2028-09-11T22:15Z,2028-09-12T02:40Z,2028-09-12T01:15+03:00,2028-09-12T05:40+03:00,265,4,2028-09-12T01:00Z,2028-09-12T04:00+03:00,0.5,52.2,60.1,15,7
2028-09-12,morning (waning),2028-09-12T23:15Z,2028-09-13T02:40Z,2028-09-13T02:15+03:00,2028-09-13T05:40+03:00,205,3,2028-09-13T00:00Z,2028-09-13T03:00+03:00,0.399,29.3,38.2,13,7
2028-09-13,morning (waning),2028-09-14T00:15Z,2028-09-14T02:40Z,2028-09-14T03:15+03:00,2028-09-14T05:40+03:00,145,2,2028-09-14T01:00Z,2028-09-14T04:00+03:00,0.29,28.7,37.5,12,7
2028-09-14,morning (waning),2028-09-15T01:25Z,2028-09-15T02:40Z,2028-09-15T04:25+03:00,2028-09-15T05:40+03:00,75,1,2028-09-15T02:00Z,2028-09-15T05:00+03:00,0.189,27.4,36.0,9,6
2028-09-24,evening (waxing),2028-09-24T16:50Z,2028-09-24T17:10Z,2028-09-24T19:50+03:00,2028-09-24T20:10+03:00,20,1,2028-09-24T17:00Z,2028-09-24T20:00+03:00,0.414,21.3,14.3,3,1
2028-09-25,evening (waxing),2028-09-25T16:50Z,2028-09-25T18:15Z,2028-09-25T19:50+03:00,2028-09-25T21:15+03:00,85,2,2028-09-25T17:00Z,2028-09-25T20:00+03:00,0.518,26.1,20.3,8,6
2028-10-10,morning (waning),2028-10-10T22:05Z,2028-10-11T03:05Z,2028-10-11T01:05+03:00,2028-10-11T06:05+03:00,300,5,2028-10-11T02:00Z,2028-10-11T05:00+03:00,0.546,65.0,69.9,18,7
2028-10-11,morning (waning),2028-10-11T23:10Z,2028-10-12T03:05Z,2028-10-12T02:10+03:00,2028-10-12T06:05+03:00,235,4,2028-10-12T02:00Z,2028-10-12T05:00+03:00,0.437,53.2,59.8,16,7
2028-10-12,morning (waning),2028-10-13T00:15Z,2028-10-13T03:05Z,2028-10-13T03:15+03:00,2028-10-13T06:05+03:00,170,3,2028-10-13T01:00Z,2028-10-13T04:00+03:00,0.333,29.0,37.2,12,7
2028-10-13,morning (waning),2028-10-14T01:25Z,2028-10-14T03:05Z,2028-10-14T04:25+03:00,2028-10-14T06:05+03:00,100,2,2028-10-14T02:00Z,2028-10-14T05:00+03:00,0.225,27.2,35.0,12,7
2028-10-14,morning (waning),2028-10-15T02:35Z,2028-10-15T03:10Z,2028-10-15T05:35+03:00,2028-10-15T06:10+03:00,35,1,2028-10-15T03:00Z,2028-10-15T06:00+03:00,0.131,24.9,32.0,6,5
2028-10-23,evening (waxing),2028-10-23T16:10Z,2028-10-23T17:10Z,2028-10-23T19:10+03:00,2028-10-23T20:10+03:00,60,1,2028-10-23T17:00Z,2028-10-23T20:00+03:00,0.353,21.6,14.0,6,3
2028-10-24,evening (waxing),2028-10-24T16:10Z,2028-10-24T18:25Z,2028-10-24T19:10+03:00,2028-10-24T21:25+03:00,135,2,2028-10-24T17:00Z,2028-10-24T20:00+03:00,0.452,28.9,22.3,11,7
2028-10-25,evening (waxing),2028-10-25T16:10Z,2028-10-25T19:35Z,2028-10-25T19:10+03:00,2028-10-25T22:35+03:00,205,3,2028-10-25T18:00Z,2028-10-25T21:00+03:00,0.555,31.5,24.4,13,7
2028-11-08,morning (waning),2028-11-09T00:00Z,2028-11-09T03:30Z,2028-11-09T03:00+03:00,2028-11-09T06:30+03:00,210,4,2028-11-09T02:00Z,2028-11-09T05:00+03:00,0.591,63.0,65.3,18,7
2028-11-09,morning (waning),2028-11-09T23:15Z,2028-11-10T03:30Z,2028-11-10T02:15+03:00,2028-11-10T06:30+03:00,255,4,2028-11-10T02:00Z,2028-11-10T05:00+03:00,0.48,51.3,55.8,16,7
2028-11-10,morning (waning),2028-11-11T00:20Z,2028-11-11T03:30Z,2028-11-11T03:20+03:00,2028-11-11T06:30+03:00,190,3,2028-11-11T01:00Z,2028-11-11T04:00+03:00,0.372,27.9,35.0,13,7
2028-11-11,morning (waning),2028-11-12T01:30Z,2028-11-12T03:35Z,2028-11-12T04:30+03:00,2028-11-12T06:35+03:00,125,2,2028-11-12T02:00Z,2028-11-12T05:00+03:00,0.26,25.7,32.0,11,7
2028-11-12,morning (waning),2028-11-13T02:45Z,2028-11-13T03:35Z,2028-11-13T05:45+03:00,2028-11-13T06:35+03:00,50,1,2028-11-13T03:00Z,2028-11-13T06:00+03:00,0.161,22.9,28.4,6,3
2028-11-20,evening (waxing),2028-11-20T15:50Z,2028-11-20T16:05Z,2028-11-20T18:50+03:00,2028-11-20T19:05+03:00,15,1,2028-11-20T16:00Z,2028-11-20T19:00+03:00,0.194,20.9,13.0,5,3
2028-11-21,evening (waxing),2028-11-21T15:50Z,2028-11-21T17:20Z,2028-11-21T18:50+03:00,2028-11-21T20:20+03:00,90,2,2028-11-21T16:00Z,2028-11-21T19:00+03:00,0.28,29.4,22.2,10,7
2028-11-22,evening (waxing),2028-11-22T15:45Z,2028-11-22T18:25Z,2028-11-22T18:45+03:00,2028-11-22T21:25+03:00,160,3,2028-11-22T17:00Z,2028-11-22T20:00+03:00,0.377,32.0,24.2,12,7
2028-11-23,evening (waxing),2028-11-23T15:45Z,2028-11-23T19:30Z,2028-11-23T18:45+03:00,2028-11-23T22:30+03:00,225,4,2028-11-23T16:00Z,2028-11-23T19:00+03:00,0.469,43.5,38.7,13,7
2028-11-24,evening (waxing),2028-11-24T15:45Z,2028-11-24T20:30Z,2028-11-24T18:45+03:00,2028-11-24T23:30+03:00,285,5,2028-11-24T19:00Z,2028-11-24T22:00+03:00,0.575,35.7,27.0,16,7
2028-12-08,morning (waning),2028-12-08T23:20Z,2028-12-09T03:55Z,2028-12-09T02:20+03:00,2028-12-09T06:55+03:00,275,4,2028-12-09T03:00Z,2028-12-09T06:00+03:00,0.514,52.2,50.8,17,7
2028-12-09,morning (waning),2028-12-10T00:30Z,2028-12-10T03:55Z,2028-12-10T03:30+03:00,2028-12-10T06:55+03:00,205,3,2028-12-10T03:00Z,2028-12-10T06:00+03:00,0.4,42.2,43.2,14,7
2028-12-10,morning (waning),2028-12-11T01:45Z,2028-12-11T04:00Z,2028-12-11T04:45+03:00,2028-12-11T07:00+03:00,135,3,2028-12-11T03:00Z,2028-12-11T06:00+03:00,0.291,31.1,33.8,12,7
2028-12-11,morning (waning),2028-12-12T03:05Z,2028-12-12T04:00Z,2028-12-12T06:05+03:00,2028-12-12T07:00+03:00,55,1,2028-12-12T04:00Z,2028-12-12T07:00+03:00,0.189,27.4,29.4,5,4
2028-12-19,evening (waxing),2028-12-19T15:50Z,2028-12-19T16:10Z,2028-12-19T18:50+03:00,2028-12-19T19:10+03:00,20,1,2028-12-19T16:00Z,2028-12-19T19:00+03:00,0.136,21.6,13.0,5,3
2028-12-20,evening (waxing),2028-12-20T15:50Z,2028-12-20T17:15Z,2028-12-20T18:50+03:00,2028-12-20T20:15+03:00,85,2,2028-12-20T16:00Z,2028-12-20T19:00+03:00,0.211,31.6,23.3,11,7
2028-12-21,evening (waxing),2028-12-21T15:50Z,2028-12-21T18:20Z,2028-12-21T18:50+03:00,2028-12-21T21:20+03:00,150,3,2028-12-21T17:00Z,2028-12-21T20:00+03:00,0.299,33.3,24.6,12,7
2028-12-22,evening (waxing),2028-12-22T15:50Z,2028-12-22T19:20Z,2028-12-22T18:50+03:00,2028-12-22T22:20+03:00,210,4,2028-12-22T16:00Z,2028-12-22T19:00+03:00,0.385,49.6,42.7,13,7
2028-12-23,evening (waxing),2028-12-23T15:50Z,2028-12-23T20:15Z,2028-12-23T18:50+03:00,2028-12-23T23:15+03:00,265,5,2028-12-23T19:00Z,2028-12-23T22:00+03:00,0.491,34.5,25.4,16,7
2028-12-24,evening (waxing),2028-12-24T15:50Z,2028-12-24T21:10Z,2028-12-24T18:50+03:00,2028-12-25T00:10+03:00,320,6,2028-12-24T20:00Z,2028-12-24T23:00+03:00,0.588,34.2,25.1,18,7
2029-01-06,morning (waning),2029-01-06T23:35Z,2029-01-07T04:10Z,2029-01-07T02:35+03:00,2029-01-07T07:10+03:00,275,5,2029-01-07T03:00Z,2029-01-07T06:00+03:00,0.551,42.8,39.9,17,7
2029-01-07,morning (waning),2029-01-08T00:55Z,2029-01-08T04:10Z,2029-01-08T03:55+03:00,2029-01-08T07:10+03:00,195,4,2029-01-08T02:00Z,2029-01-08T05:00+03:00,0.442,29.2,31.2,13,7
2029-01-08,morning (waning),2029-01-09T02:15Z,2029-01-09T04:10Z,2029-01-09T05:15+03:00,2029-01-09T07:10+03:00,115,2,2029-01-09T03:00Z,2029-01-09T06:00+03:00,0.327,25.8,27.2,12,7
2029-01-09,morning (waning),2029-01-10T03:35Z,2029-01-10T04:10Z,2029-01-10T06:35+03:00,2029-01-10T07:10+03:00,35,1,2029-01-10T04:00Z,2029-01-10T07:00+03:00,0.223,23.1,24.1,3,3
2029-01-18,evening (waxing),2029-01-18T16:10Z,2029-01-18T17:05Z,2029-01-18T19:10+03:00,2029-01-18T20:05+03:00,55,1,2029-01-18T17:00Z,2029-01-18T20:00+03:00,0.15,21.4,12.4,6,4
2029-01-19,evening (waxing),2029-01-19T16:10Z,2029-01-19T18:05Z,2029-01-19T19:10+03:00,2029-01-19T21:05+03:00,115,2,2029-01-19T17:00Z,2029-01-19T20:00+03:00,0.225,32.2,23.1,12,7
2029-01-20,evening (waxing),2029-01-20T16:15Z,2029-01-20T19:00Z,2029-01-20T19:15+03:00,2029-01-20T22:00+03:00,165,3,2029-01-20T17:00Z,2029-01-20T20:00+03:00,0.308,42.8,33.7,12,7
2029-01-21,evening (waxing),2029-01-21T16:15Z,2029-01-21T19:55Z,2029-01-21T19:15+03:00,2029-01-21T22:55+03:00,220,3,2029-01-21T19:00Z,2029-01-21T22:00+03:00,0.406,31.3,22.5,16,7
2029-01-22,evening (waxing),2029-01-22T16:15Z,2029-01-22T20:50Z,2029-01-22T19:15+03:00,2029-01-22T23:50+03:00,275,4,2029-01-22T19:00Z,2029-01-22T22:00+03:00,0.5,42.2,33.2,16,7
2029-01-23,evening (waxing),2029-01-23T16:15Z,2029-01-23T20:10Z,2029-01-23T19:15+03:00,2029-01-23T23:10+03:00,235,4,2029-01-23T20:00Z,2029-01-23T23:00+03:00,0.599,41.5,32.7,18,7
2029-02-04,morning (waning),2029-02-05T00:50Z,2029-02-05T03:55Z,2029-02-05T03:50+03:00,2029-02-05T06:55+03:00,185,3,2029-02-05T03:00Z,2029-02-05T06:00+03:00,0.59,34.2,30.5,18,7
2029-02-05,morning (waning),2029-02-06T01:20Z,2029-02-06T03:55Z,2029-02-06T04:20+03:00,2029-02-06T06:55+03:00,155,2,2029-02-06T03:00Z,2029-02-06T06:00+03:00,0.477,28.8,27.4,13,7
2029-02-06,morning (waning),2029-02-07T02:40Z,2029-02-07T03:55Z,2029-02-07T05:40+03:00,2029-02-07T06:55+03:00,75,1,2029-02-07T03:00Z,2029-02-07T06:00+03:00,0.368,22.4,23.0,8,4
2029-02-17,evening (waxing),2029-02-17T16:40Z,2029-02-17T17:45Z,2029-02-17T19:40+03:00,2029-02-17T20:45+03:00,65,1,2029-02-17T17:00Z,2029-02-17T20:00+03:00,0.161,29.5,20.7,10,7
2029-02-18,evening (waxing),2029-02-18T16:40Z,2029-02-18T18:40Z,2029-02-18T19:40+03:00,2029-02-18T21:40+03:00,120,2,2029-02-18T17:00Z,2029-02-18T20:00+03:00,0.235,40.3,31.3,11,7
2029-02-19,evening (waxing),2029-02-19T16:40Z,2029-02-19T19:40Z,2029-02-19T19:40+03:00,2029-02-19T22:40+03:00,180,3,2029-02-19T17:00Z,2029-02-19T20:00+03:00,0.32,50.9,41.8,12,7
2029-02-20,evening (waxing),2029-02-20T16:45Z,2029-02-20T20:35Z,2029-02-20T19:45+03:00,2029-02-20T23:35+03:00,230,4,2029-02-20T20:00Z,2029-02-20T23:00+03:00,0.424,27.0,19.1,14,6
2029-02-21,evening (waxing),2029-02-21T16:45Z,2029-02-21T21:30Z,2029-02-21T19:45+03:00,2029-02-22T00:30+03:00,285,5,2029-02-21T20:00Z,2029-02-21T23:00+03:00,0.521,37.7,29.4,17,7
