cls,delta,months,p_at_least_one,n_combinations
A_turkiye_evening_public,0.6,3,0.5798611111111112,288
A_turkiye_evening_public,0.6,4,0.8125,288
A_turkiye_evening_public,0.6,6,1.0,288
A_turkiye_evening_public,0.6,9,1.0,288
A_turkiye_evening_public,0.6,12,1.0,288
A_turkiye_evening_public,0.6,18,1.0,288
A_turkiye_evening_public,2.5,3,0.6145833333333334,288
A_turkiye_evening_public,2.5,4,0.8576388888888888,288
A_turkiye_evening_public,2.5,6,1.0,288
A_turkiye_evening_public,2.5,9,1.0,288
A_turkiye_evening_public,2.5,12,1.0,288
A_turkiye_evening_public,2.5,18,1.0,288
B_global_science,0.6,3,1.0,288
B_global_science,0.6,4,1.0,288
B_global_science,0.6,6,1.0,288
B_global_science,0.6,9,1.0,288
B_global_science,0.6,12,1.0,288
B_global_science,0.6,18,1.0,288
B_global_science,2.5,3,1.0,288
B_global_science,2.5,4,1.0,288
B_global_science,2.5,6,1.0,288
B_global_science,2.5,9,1.0,288
B_global_science,2.5,12,1.0,288
B_global_science,2.5,18,1.0,288
C_any_turkish,0.6,3,1.0,288
C_any_turkish,0.6,4,1.0,288
C_any_turkish,0.6,6,1.0,288
C_any_turkish,0.6,9,1.0,288
C_any_turkish,0.6,12,1.0,288
C_any_turkish,0.6,18,1.0,288
C_any_turkish,2.5,3,1.0,288
C_any_turkish,2.5,4,1.0,288
C_any_turkish,2.5,6,1.0,288
C_any_turkish,2.5,9,1.0,288
C_any_turkish,2.5,12,1.0,288
C_any_turkish,2.5,18,1.0,288
P_plume_global,0.6,3,0.4444444444444444,288
P_plume_global,0.6,4,0.5520833333333334,288
P_plume_global,0.6,6,0.6666666666666666,288
P_plume_global,0.6,9,0.7222222222222222,288
P_plume_global,0.6,12,0.8333333333333334,288
P_plume_global,0.6,18,1.0,288
P_plume_global,2.5,3,0.6319444444444444,288
P_plume_global,2.5,4,0.7777777777777778,288
P_plume_global,2.5,6,0.9895833333333334,288
P_plume_global,2.5,9,0.9895833333333334,288
P_plume_global,2.5,12,1.0,288
P_plume_global,2.5,18,1.0,288
