cls,delta,subset,n_combinations,mean_p30,min_p30,p_first_3mo,p_first_6mo,d_mean_p30,d_p_first_3mo
A_turkiye_evening_public,0.6,all,288,0.3975667360027734,0.0,0.5798611111111112,1.0,0.0,0.0
A_turkiye_evening_public,0.6,nodes/2,144,0.4040561622464899,0.0,0.5902777777777778,1.0,0.006489426243716456,0.01041666666666663
A_turkiye_evening_public,0.6,phases/2,144,0.3967758710348414,0.0,0.5625,1.0,-0.0007908649679320146,-0.01736111111111116
A_turkiye_evening_public,0.6,both/2,72,0.40375281677933783,0.0,0.5694444444444444,1.0,0.006186080776564407,-0.01041666666666674
A_turkiye_evening_public,2.5,all,288,0.4180100537354828,0.0,0.6145833333333334,1.0,0.0,0.0
A_turkiye_evening_public,2.5,nodes/2,144,0.4205884902062749,0.0,0.625,1.0,0.0025784364707921448,0.01041666666666663
A_turkiye_evening_public,2.5,phases/2,144,0.41744669786791466,0.0,0.6041666666666666,1.0,-0.0005633558675681161,-0.01041666666666674
A_turkiye_evening_public,2.5,both/2,72,0.41993846420523484,0.0,0.6111111111111112,1.0,0.001928410469752062,-0.00347222222222221
B_global_science,0.6,all,288,0.9815663459871729,0.8888888888888888,1.0,1.0,0.0,0.0
B_global_science,0.6,nodes/2,144,0.984020194141099,0.8888888888888888,1.0,1.0,0.0024538481539261303,0.0
B_global_science,0.6,phases/2,144,0.9813767550702028,0.8888888888888888,1.0,1.0,-0.00018959091697001718,0.0
B_global_science,0.6,both/2,72,0.983836020107471,0.8888888888888888,1.0,1.0,0.002269674120298104,0.0
B_global_science,2.5,all,288,0.9876928410469752,0.9166666666666666,1.0,1.0,0.0,0.0
B_global_science,2.5,nodes/2,144,0.986576963078523,0.8888888888888888,1.0,1.0,-0.0011158779684521392,0.0
B_global_science,2.5,phases/2,144,0.9876495059802393,0.9166666666666666,1.0,1.0,-4.3335066735927796e-05,0.0
B_global_science,2.5,both/2,72,0.9865011267117351,0.8888888888888888,1.0,1.0,-0.0011917143352401238,0.0
C_any_turkish,0.6,all,288,0.9402896949211302,0.78125,1.0,1.0,0.0,0.0
C_any_turkish,0.6,nodes/2,144,0.9453978159126365,0.7847222222222222,1.0,1.0,0.00510812099150626,0.0
C_any_turkish,0.6,phases/2,144,0.9423426937077485,0.8125,1.0,1.0,0.002052998786618243,0.0
C_any_turkish,0.6,both/2,72,0.9473912289824927,0.8194444444444444,1.0,1.0,0.007101534061362491,0.0
C_any_turkish,2.5,all,288,0.9603971658866354,0.8125,1.0,1.0,0.0,0.0
C_any_turkish,2.5,nodes/2,144,0.9591675333680014,0.7847222222222222,1.0,1.0,-0.0012296325186339496,0.0
C_any_turkish,2.5,phases/2,144,0.9626668400069335,0.8472222222222222,1.0,1.0,0.002269674120298104,0.0
C_any_turkish,2.5,both/2,72,0.9611067776044375,0.8194444444444444,1.0,1.0,0.0007096117178021499,0.0
P_plume_global,0.6,all,288,0.16970012133818688,0.09027777777777778,0.4444444444444444,0.6666666666666666,0.0,0.0
P_plume_global,0.6,nodes/2,144,0.16717585370081472,0.06944444444444445,0.4444444444444444,0.6666666666666666,-0.0025242676373721518,0.0
P_plume_global,0.6,phases/2,144,0.1699601317386029,0.09027777777777778,0.4444444444444444,0.6666666666666666,0.00026001040041601087,0.0
P_plume_global,0.6,both/2,72,0.1671216848673947,0.06944444444444445,0.4444444444444444,0.6666666666666666,-0.0025784364707921725,0.0
P_plume_global,2.5,all,288,0.23860287744843126,0.1388888888888889,0.6319444444444444,0.9895833333333334,0.0,0.0
P_plume_global,2.5,nodes/2,144,0.23555858901022705,0.1111111111111111,0.6527777777777778,0.9791666666666666,-0.0030442884382042013,0.02083333333333337
P_plume_global,2.5,phases/2,144,0.23847287224822328,0.1388888888888889,0.6319444444444444,0.9930555555555556,-0.00013000520020797768,0.0
P_plume_global,2.5,both/2,72,0.23548275264343904,0.1111111111111111,0.6527777777777778,0.9861111111111112,-0.0031201248049922137,0.02083333333333337
