scenario,variant,snr_regolith_sys1e3,t_max_s,snr_regolith_sys1e2,snr_fine_rich_sys1e3,M_vis_max_kg,v_lo_m_s,n_particles,rel_d_snr_regolith
S2,production,1.2097779406446456,47.0,0.1262618896400352,8.725236166396229,182.28411048478569,91.67609301811618,5376,0.0
S2,fine cell 25 m,1.2099594817240682,47.0,0.12630018356794603,8.726372942752413,182.28411048478569,91.67609301811618,5376,0.00015006148923979445
S2,fine cell 100 m,1.2094475471684458,47.0,0.12619208446467922,8.722942888178745,182.28411048478569,91.67609301811618,5376,-0.000273102579489648
S2,coarse cell 0.25 km,1.2202991395012295,47.0,0.12728644160791114,8.796217928575661,182.28411048478569,91.67609301811618,5376,0.008696801704763724
S2,coarse cell 1 km,1.1910637730333686,49.0,0.12390622903129911,8.591431234230944,182.28411048478569,91.67609301811618,5376,-0.015469093114150234
S2,particles x8 (96 x 14 x 32),1.1870247002888223,48.0,0.12361151014516986,8.562255316000691,180.52479430387757,91.67609301811618,43008,-0.018807782479236534
S2,time step x0.5,1.2126246306699873,47.0,0.1264475231457816,8.733846443322188,182.28411048478569,91.67609301811618,5376,0.002353068219961729
S2,record step x0.5,1.2110216968414913,47.0,0.12633954610449333,8.734198786761622,182.28411048478569,91.67609301811618,5376,0.0010280863578839838
S2,speed floor 0.5 m/s,1.2097779406446456,47.0,0.1262618896400352,8.725236166396229,182.28411048478569,91.67609301811618,5376,0.0
S2,speed floor 2 m/s,1.2097779406446456,47.0,0.1262618896400352,8.725236166396229,182.28411048478569,91.67609301811618,5376,0.0
S2,speed floor 5 m/s,1.2097779406446456,47.0,0.1262618896400352,8.725236166396229,182.28411048478569,91.67609301811618,5376,0.0
S2,point source at t = 0,1.211359166782038,47.0,0.12630387861643141,8.736638298332887,182.28411048478569,91.67609301811618,5376,0.001307038328496768
S2,window 0.1 s,0.9775248914433479,50.0,0.12590913391137093,7.04231223713682,182.28411048478569,91.67609301811618,5376,-0.19197990093747186
S5,production,0.5818647183097865,12.0,0.05822870289072588,2.428510270573749,168606.36739614356,1.0,5376,0.0
S5,fine cell 25 m,0.5614049152998073,12.0,0.05618123684804774,2.1995150125263296,168606.36739614356,1.0,5376,-0.03516247396716421
S5,fine cell 100 m,0.6022721024097825,12.0,0.06027092329345896,2.5212463460743684,168606.36739614356,1.0,5376,0.03507238617126651
S5,coarse cell 0.25 km,0.5869178606325345,12.0,0.05873473682781594,2.4480766562879754,168606.36739614356,1.0,5376,0.008684393749506691
S5,coarse cell 1 km,0.6275795342829181,12.0,0.06280745362821231,2.6185045447690434,168606.36739614356,1.0,5376,0.07856605587966392
S5,particles x8 (96 x 14 x 32),0.5841706105940105,12.0,0.05845945957112421,2.490011039687261,160700.62184789512,1.0,43008,0.003962935389728139
S5,time step x0.5,0.5821489224050372,12.0,0.05825714393887581,2.429210818525187,168606.36739614356,1.0,5376,0.000488436721298946
S5,record step x0.5,0.5827873680899949,12.0,0.05832103487071669,2.4325267134649002,168606.36739614356,1.0,5376,0.0015856774799622997
S5,speed floor 0.5 m/s,0.6067595661821206,12.0,0.0607199955598951,2.4468844291458063,165048.59830462138,0.5,5376,0.04278459767185949
S5,speed floor 2 m/s,0.5807536278217733,12.0,0.05811751315572148,2.4279915624291215,133806.49688260347,2.0,5376,-0.001909534042965677
S5,speed floor 5 m/s,0.5783324300144325,11.0,0.057875217550782315,2.4372096306280016,51149.715848591455,5.0,5376,-0.006070634950362197
S5,point source at t = 0,0.574583853929714,11.0,0.057500087727235104,2.4239849951782326,244110.4922798109,1.0,5376,-0.012512984807228178
S5,window 0.1 s,0.5817469280059668,13.0,0.05860481043064901,2.4293392701177097,168606.36739614356,1.0,5376,-0.00020243589293711395
