family_set,quantity,region,mean_hours,max_hours,frac_pixels_nonzero
tol0.6_drift0.0,flash_cov3,eastern limb region,7.440329218106995,14.0,0.9964726631393298
tol0.6_drift0.0,flash_cov3,far side,0.11382990488829905,15.833333333333334,0.040809555408095555
tol0.6_drift0.0,flash_cov3,near side central,9.379074415744157,14.666666666666666,1.0
tol0.6_drift0.0,flash_cov3,northern high latitude,14.673913043478262,34.5,1.0
tol0.6_drift0.0,flash_cov3,polar,15.910714285714286,59.166666666666664,0.6488095238095238
tol0.6_drift0.0,flash_cov3,southern high latitude,15.066827697262479,37.5,1.0
tol0.6_drift0.0,flash_cov3,western limb region,7.8734567901234565,12.0,0.9964726631393298
tol0.6_drift0.0,flash_tr,eastern limb region,1.9074074074074074,3.5,0.9894179894179894
tol0.6_drift0.0,flash_tr,far side,0.02878234903782349,5.666666666666667,0.03234903782349038
tol0.6_drift0.0,flash_tr,near side central,2.553659286592866,4.166666666666667,1.0
tol0.6_drift0.0,flash_tr,northern high latitude,3.8679549114331726,10.166666666666666,0.9806763285024155
tol0.6_drift0.0,flash_tr,polar,4.33531746031746,20.833333333333332,0.6428571428571429
tol0.6_drift0.0,flash_tr,southern high latitude,4.120772946859903,10.833333333333334,1.0
tol0.6_drift0.0,flash_tr,western limb region,2.101116990005879,3.5,0.9929453262786596
tol0.6_drift0.0,plume_tr,eastern limb region,0.004703115814226925,0.16666666666666666,0.02821869488536155
tol0.6_drift0.0,plume_tr,far side,0.0,0.0,0.0
tol0.6_drift0.0,plume_tr,near side central,0.4228167281672817,1.6666666666666667,0.8145756457564576
tol0.6_drift0.0,plume_tr,northern high latitude,0.7071256038647343,8.5,0.4806763285024155
tol0.6_drift0.0,plume_tr,polar,4.806547619047619,40.666666666666664,0.5892857142857143
tol0.6_drift0.0,plume_tr,southern high latitude,0.8570853462157809,9.166666666666666,0.5024154589371981
tol0.6_drift0.0,plume_tr,western limb region,0.005731922398589065,0.16666666666666666,0.03439153439153439
tol2.5_drift0.0,flash_cov3,eastern limb region,31.00720164609054,52.5,0.9964726631393298
tol2.5_drift0.0,flash_cov3,far side,0.48144768856447695,67.33333333333333,0.042468480424684804
tol2.5_drift0.0,flash_cov3,near side central,38.76237699876999,55.166666666666664,1.0
tol2.5_drift0.0,flash_cov3,northern high latitude,60.93196457326893,140.16666666666666,1.0
tol2.5_drift0.0,flash_cov3,polar,69.0625,291.0,0.6547619047619048
tol2.5_drift0.0,flash_cov3,southern high latitude,62.56441223832528,147.83333333333334,1.0
tol2.5_drift0.0,flash_cov3,western limb region,32.7172251616696,47.333333333333336,0.9982363315696648
tol2.5_drift0.0,flash_tr,eastern limb region,7.954732510288065,13.166666666666666,0.9955908289241623
tol2.5_drift0.0,flash_tr,far side,0.12934085379340854,22.166666666666668,0.0411413404114134
tol2.5_drift0.0,flash_tr,near side central,10.571340713407134,15.5,1.0
tol2.5_drift0.0,flash_tr,northern high latitude,16.054549114331724,39.666666666666664,1.0
tol2.5_drift0.0,flash_tr,polar,18.842261904761905,103.5,0.6547619047619048
tol2.5_drift0.0,flash_tr,southern high latitude,17.106078904991946,44.5,1.0
tol2.5_drift0.0,flash_tr,western limb region,8.755437977660199,12.833333333333334,0.9964726631393298
tol2.5_drift0.0,plume_tr,eastern limb region,0.0188124632569077,0.3333333333333333,0.09259259259259259
tol2.5_drift0.0,plume_tr,far side,0.0,0.0,0.0
tol2.5_drift0.0,plume_tr,near side central,1.6027829028290284,5.833333333333333,0.9575645756457565
tol2.5_drift0.0,plume_tr,northern high latitude,2.9627616747181964,34.666666666666664,0.572463768115942
tol2.5_drift0.0,plume_tr,polar,20.94047619047619,149.0,0.6071428571428571
tol2.5_drift0.0,plume_tr,southern high latitude,3.364935587761675,36.166666666666664,0.5760869565217391
tol2.5_drift0.0,plume_tr,western limb region,0.03791887125220458,0.3333333333333333,0.18342151675485008
