variant,cls,delta,mean_p30,min_p30,p_first_3mo,p_first_6mo,opp_hours_per_plane,d_mean_p30,d_min_p30,d_p_first_3mo,d_p_first_6mo,rel_d_opp_hours
"production (10 min, 8 phases)",A_turkiye_evening_public,0.6,0.4173166926677067,0.0,0.6875,1.0,90.0,0.0,0.0,0.0,0.0,0.0
"production (10 min, 8 phases)",A_turkiye_evening_public,2.5,0.43171476859074365,0.0,0.6875,1.0,96.83333333333333,0.0,0.0,0.0,0.0,0.0
"production (10 min, 8 phases)",B_global_science,0.6,0.9868044721788871,0.8333333333333334,1.0,1.0,1335.3333333333333,0.0,0.0,0.0,0.0,0.0
"production (10 min, 8 phases)",B_global_science,2.5,0.9885270410816431,0.8333333333333334,1.0,1.0,1411.6666666666667,0.0,0.0,0.0,0.0,0.0
"production (10 min, 8 phases)",C_any_turkish,0.6,0.953685647425897,0.7708333333333334,1.0,1.0,352.6666666666667,0.0,0.0,0.0,0.0,0.0
"production (10 min, 8 phases)",C_any_turkish,2.5,0.9601859074362976,0.7708333333333334,1.0,1.0,372.8333333333333,0.0,0.0,0.0,0.0,0.0
"production (10 min, 8 phases)",P_plume_global,0.6,0.1766770670826833,0.0,0.6666666666666666,1.0,337.0,0.0,0.0,0.0,0.0,0.0
"production (10 min, 8 phases)",P_plume_global,2.5,0.23413936557462295,0.0,0.6666666666666666,1.0,387.1666666666667,0.0,0.0,0.0,0.0,0.0
"fine time (5 min, 8 phases)",A_turkiye_evening_public,0.6,0.42001430057202294,0.0,0.6875,1.0,90.33333333333333,0.0026976079043162238,0.0,0.0,0.0,0.003703703703703651
"fine time (5 min, 8 phases)",A_turkiye_evening_public,2.5,0.437109984399376,0.0,0.6875,1.0,97.33333333333333,0.0053952158086323365,0.0,0.0,0.0,0.0051635111876075735
"fine time (5 min, 8 phases)",B_global_science,0.6,0.9868694747789912,0.8333333333333334,1.0,1.0,1342.3333333333333,6.500260010411374e-05,0.0,0.0,0.0,0.005242136794807789
"fine time (5 min, 8 phases)",B_global_science,2.5,0.9885920436817472,0.8333333333333334,1.0,1.0,1418.3333333333333,6.500260010411374e-05,0.0,0.0,0.0,0.004722550177095524
"fine time (5 min, 8 phases)",C_any_turkish,0.6,0.953003120124805,0.7708333333333334,1.0,1.0,353.8333333333333,-0.000682527301091973,0.0,0.0,0.0,0.003308128544423333
"fine time (5 min, 8 phases)",C_any_turkish,2.5,0.9595358814352574,0.7708333333333334,1.0,1.0,373.6666666666667,-0.0006500260010402492,0.0,0.0,0.0,0.002235136343317044
"fine time (5 min, 8 phases)",P_plume_global,0.6,0.17768460738429537,0.0,0.6666666666666666,1.0,335.5,0.0010075403016120699,0.0,0.0,0.0,-0.004451038575667656
"fine time (5 min, 8 phases)",P_plume_global,2.5,0.23417186687467498,0.0,0.6666666666666666,1.0,388.0,3.2501300052029114e-05,0.0,0.0,0.0,0.002152389151958625
"fine phase (10 min, 16 phases)",A_turkiye_evening_public,0.6,0.4168454238169527,0.0,0.6875,1.0,90.83333333333333,-0.00047126885075399194,0.0,0.0,0.0,0.009259259259259207
"fine phase (10 min, 16 phases)",A_turkiye_evening_public,2.5,0.4313085023400936,0.0,0.6875,1.0,96.83333333333333,-0.00040626625065004474,0.0,0.0,0.0,0.0
"fine phase (10 min, 16 phases)",B_global_science,0.6,0.9867719708788351,0.8333333333333334,1.0,1.0,1337.1666666666667,-3.250130005205687e-05,0.0,0.0,0.0,0.001372940589116439
"fine phase (10 min, 16 phases)",B_global_science,2.5,0.9885270410816434,0.8333333333333334,1.0,1.0,1413.0,2.220446049250313e-16,0.0,0.0,0.0,0.0009445100354190726
"fine phase (10 min, 16 phases)",C_any_turkish,0.6,0.9542056682267291,0.7708333333333334,1.0,1.0,353.6666666666667,0.0005200208008321328,0.0,0.0,0.0,0.0028355387523629487
"fine phase (10 min, 16 phases)",C_any_turkish,2.5,0.9603159126365055,0.7708333333333334,1.0,1.0,373.0,0.0001300052002078944,0.0,0.0,0.0,0.00044702726866343933
"fine phase (10 min, 16 phases)",P_plume_global,0.6,0.17721333853354135,0.0,0.6666666666666666,1.0,341.0,0.0005362714508580502,0.0,0.0,0.0,0.011869436201780416
"fine phase (10 min, 16 phases)",P_plume_global,2.5,0.23392810712428497,0.0,0.6666666666666666,1.0,391.1666666666667,-0.00021125845033798107,0.0,0.0,0.0,0.010331467929401636
