id,epoch_utc,n_at_epoch,window_start_min,window_end_min,window_length_min,n_min_in_window,n_max_pm3h,tug_window_start_min,tug_window_end_min,n_pix_1deg,emission_range_deg,incidence_range_deg
S1,2028-04-01 18:00:00,14,-180.0,180.0,360.0,2.0,15,-40.0,165.0,15,18.4-20.3,117.2-119.0
S2,2028-04-01 18:00:00,14,-180.0,180.0,360.0,2.0,15,-40.0,165.0,15,9.2-10.8,92.6-94.0
S3,2028-07-15 00:00:00,12,-180.0,180.0,360.0,3.0,12,-70.0,100.0,13,49.0-50.4,138.0-139.5
S4,2028-06-28 19:00:00,6,-165.0,85.0,250.0,1.0,7,-25.0,15.0,13,30.9-32.4,125.4-126.9
S5,2028-04-01 18:00:00,14,-180.0,180.0,360.0,2.0,15,-40.0,165.0,15,46.8-48.6,56.0-57.8
S6,2028-07-15 00:00:00,12,-180.0,180.0,360.0,3.0,12,-70.0,100.0,15,84.2-86.0,175.2-177.0
S7,2028-04-01 18:00:00,14,-180.0,180.0,360.0,2.0,15,-40.0,165.0,15,79.0-80.8,176.2-177.9
S8,2028-04-01 18:00:00,14,-180.0,180.0,360.0,2.0,15,-40.0,165.0,13,82.3-83.8,92.7-93.9
S9,2028-04-01 18:00:00,0,,,,,0,,,15,155.3-157.0,52.4-54.2
S10,2028-04-01 18:00:00,14,-180.0,180.0,360.0,2.0,15,-40.0,165.0,15,18.4-20.3,117.2-119.0
S11,2028-01-03 17:00:00,12,-180.0,180.0,360.0,3.0,13,-60.0,140.0,14,23.7-25.2,124.2-125.6
