id,name,cls,lat,lon,impact_utc,istanbul,physics,E_k_GJ,illum,emission,incidence,region,n_sites,n_turkish,light_time_s,p_random_plane_0p6,p_random_plane_2p5,terrain_p_range,settlements_public_bn_10km,settlements_public_bn_range,peakV_med,peakV_10_90,lab_trend_peakV,pA_any,pA_any_outer,pA_two_indep,pA_two_indep_outer,pA_dual_validated,pA_dual_validated_outer,pA_live,pA_live_outer,pA_turkish,pA_turkish_outer,pA_any_vscaled,pA_two_indep_vscaled,pB_any,pB_any_outer,pB_two_indep,pB_two_indep_outer,pB_dual_validated,pB_dual_validated_outer,pB_live,pB_live_outer,pB_turkish,pB_turkish_outer,pB_any_vscaled,pB_two_indep_vscaled,pC_any,pC_any_outer,pC_two_indep,pC_two_indep_outer,pC_dual_validated,pC_dual_validated_outer,pC_live,pC_live_outer,pC_turkish,pC_turkish_outer,pC_any_vscaled,pC_two_indep_vscaled,visual_none_conditional,visual_binoculars_conditional,visual_telescope20cm_conditional,plume,crater_rim_m
S1,"Favourable: dark near-side mare, Türkiye spring evening",favourable,8.0,-22.0,2028-04-01 18:00:00,2028-04-01 21:00 (UTC+3),"ballistic de-orbit, 1.68 km/s, 3 deg, 1.6-2.4 t",2.8224,0.39,19.4,118.1,near side central,14,7,1.240-1.282,0.0067,0.0281,1.00-1.00,0.87,0.78-0.95,12.0,8.2-15.6,41.5,0.487,0.42-0.56,0.211,0.17-0.25,0.0,0.00-0.00,0.118,0.08-0.16,0.487,0.42-0.56,0.668,0.357,0.695,0.62-0.77,0.466,0.39-0.54,0.161,0.09-0.24,0.226,0.17-0.29,0.401,0.32-0.48,0.903,0.686,0.579,0.51-0.65,0.395,0.34-0.45,0.161,0.09-0.24,0.248,0.19-0.31,0.467,0.40-0.54,0.845,0.666,0.0,0.004,0.1223,"within-domain cases: max SNR 0.00 (1-m, 1 s)",5-11 (U sin) / 15-30 (U)
S2,Terminator plume test: 3 deg beyond the sunrise terminator,test,-5.0,3.5,2028-04-01 18:00:00,2028-04-01 21:00 (UTC+3),"ballistic de-orbit, 1.68 km/s, 3 deg, 1.6-2.4 t",2.8224,0.39,10.0,93.3,near side central,14,7,1.240-1.281,0.0067,0.0279,1.00-1.00,0.87,0.78-0.95,12.0,8.2-15.6,41.5,0.256,0.14-0.38,0.072,0.02-0.15,0.0,0.00-0.00,0.036,0.00-0.09,0.256,0.14-0.38,0.41,0.127,0.379,0.22-0.55,0.219,0.10-0.36,0.048,0.01-0.11,0.069,0.01-0.17,0.232,0.14-0.34,0.622,0.387,0.268,0.13-0.43,0.14,0.04-0.28,0.048,0.01-0.11,0.071,0.01-0.17,0.217,0.10-0.35,0.46,0.244,0.0,0.0,0.0873,"within-domain cases: max SNR 1.41 (1-m, 1 s)",5-11 (U sin) / 15-30 (U)
S3,"Intermediate: summer morning, waning Moon, eastern near side",intermediate,-15.0,45.0,2028-07-15 00:00:00,2028-07-15 03:00 (UTC+3),"ballistic de-orbit, 1.68 km/s, 3 deg, 1.6-2.4 t",2.8224,0.49,49.7,138.8,eastern limb region,12,7,1.308-1.348,0.0069,0.0288,1.00-1.00,0.91,0.79-1.03,12.1,8.4-15.7,41.6,0.643,0.57-0.72,0.336,0.28-0.39,0.0,0.00-0.00,0.191,0.14-0.25,0.643,0.57-0.72,0.829,0.548,0.744,0.68-0.80,0.5,0.43-0.57,0.25,0.18-0.33,0.332,0.27-0.39,0.576,0.48-0.67,0.918,0.706,0.681,0.62-0.74,0.489,0.44-0.54,0.25,0.18-0.33,0.351,0.29-0.41,0.611,0.54-0.68,0.92,0.777,0.0,0.0057,0.122,cannot determine (all cases outside the scaling domain),5-11 (U sin) / 15-30 (U)
S4,"Intermediate: summer evening, low Moon, few sites",intermediate,-10.0,-25.0,2028-06-28 19:00:00,2028-06-28 22:00 (UTC+3),"ballistic de-orbit, 1.68 km/s, 3 deg, 1.6-2.4 t",2.8224,0.42,31.8,126.2,near side central,6,3,1.209-1.245,0.0068,0.0282,1.00-1.00,0.54,0.49-0.59,11.9,8.2-15.6,41.5,0.445,0.38-0.51,0.157,0.12-0.20,0.0,0.00-0.00,0.174,0.12-0.23,0.445,0.38-0.51,0.666,0.282,0.592,0.53-0.66,0.256,0.20-0.32,0.0,0.00-0.00,0.174,0.12-0.23,0.376,0.30-0.45,0.797,0.377,0.525,0.46-0.59,0.305,0.26-0.35,0.0,0.00-0.00,0.204,0.15-0.26,0.451,0.38-0.52,0.808,0.543,0.0,0.0063,0.1246,"within-domain cases: max SNR 0.00 (1-m, 1 s)",5-11 (U sin) / 15-30 (U)
S5,Unfavourable: sunlit terrain,unfavourable,8.0,40.0,2028-04-01 18:00:00,2028-04-01 21:00 (UTC+3),"ballistic de-orbit, 1.68 km/s, 3 deg, 1.6-2.4 t",2.8224,0.39,47.8,56.8,near side central,14,7,1.242-1.283,0.0067,0.0281,1.00-1.00,0.87,0.78-0.95,12.0,8.2-15.6,41.5,0.009,0.00-0.02,0.0,0.00-0.00,0.0,0.00-0.00,0.0,0.00-0.00,0.009,0.00-0.02,0.018,0.0,0.009,0.00-0.02,0.0,0.00-0.00,0.0,0.00-0.00,0.0,0.00-0.00,0.009,0.00-0.02,0.018,0.0,0.0,0.00-0.00,0.0,0.00-0.00,0.0,0.00-0.00,0.0,0.00-0.00,0.0,0.00-0.00,0.0,0.0,0.0,0.0,0.0006,"within-domain cases: max SNR 0.58 (1-m, 1 s)",5-11 (U sin) / 15-30 (U)
S6,Unfavourable/limb: dark eastern limb (morning),unfavourable,0.0,80.0,2028-07-15 00:00:00,2028-07-15 03:00 (UTC+3),"ballistic de-orbit, 1.68 km/s, 3 deg, 1.6-2.4 t",2.8224,0.49,85.1,176.1,eastern limb region,12,7,1.311-1.351,0.0067,0.0278,0.55-1.00,0.91,0.79-1.03,12.1,8.4-15.7,41.6,0.513,0.36-0.66,0.276,0.20-0.36,0.0,0.00-0.00,0.158,0.10-0.23,0.513,0.36-0.66,0.652,0.445,0.593,0.41-0.77,0.404,0.28-0.54,0.203,0.12-0.30,0.272,0.18-0.37,0.456,0.32-0.60,0.715,0.554,0.55,0.38-0.71,0.401,0.28-0.52,0.203,0.12-0.30,0.289,0.19-0.39,0.494,0.35-0.64,0.722,0.624,0.0,0.009,0.1254,cannot determine (all cases outside the scaling domain),5-11 (U sin) / 15-30 (U)
S7,Unfavourable/limb: dark western limb (evening),unfavourable,0.0,-86.0,2028-04-01 18:00:00,2028-04-01 21:00 (UTC+3),"ballistic de-orbit, 1.68 km/s, 3 deg, 1.6-2.4 t",2.8224,0.39,79.9,177.0,western limb region,14,7,1.245-1.286,0.0067,0.0278,0.85-1.00,0.87,0.78-0.95,12.0,8.2-15.6,41.5,0.492,0.42-0.56,0.224,0.18-0.27,0.0,0.00-0.00,0.132,0.09-0.18,0.492,0.42-0.56,0.649,0.367,0.7,0.62-0.78,0.484,0.41-0.56,0.168,0.10-0.25,0.243,0.18-0.31,0.407,0.33-0.49,0.851,0.656,0.593,0.52-0.66,0.415,0.37-0.46,0.168,0.10-0.25,0.266,0.21-0.33,0.48,0.41-0.55,0.82,0.673,0.0,0.0075,0.1304,cannot determine (all cases outside the scaling domain),5-11 (U sin) / 15-30 (U)
S8,Polar: south polar highlands near the limb,intermediate,-86.0,-20.0,2028-04-01 18:00:00,2028-04-01 21:00 (UTC+3),"ballistic de-orbit, 1.68 km/s, 3 deg, 1.6-2.4 t",2.8224,0.39,83.1,93.2,polar,14,7,1.245-1.286,0.0959,0.4301,0.71-1.00,0.87,0.78-0.95,12.0,8.2-15.6,41.5,0.145,0.06-0.25,0.029,0.00-0.08,0.0,0.00-0.00,0.011,0.00-0.05,0.145,0.06-0.25,0.242,0.053,0.217,0.09-0.37,0.109,0.03-0.23,0.017,0.00-0.06,0.023,0.00-0.09,0.138,0.06-0.23,0.367,0.192,0.137,0.04-0.27,0.054,0.01-0.14,0.017,0.00-0.06,0.023,0.00-0.09,0.112,0.04-0.22,0.241,0.101,0.0,0.0,0.0547,"within-domain cases: max SNR 1.17 (1-m, 1 s)",5-11 (U sin) / 15-30 (U)
S9,Far-side control,unfavourable,0.0,150.0,2028-04-01 18:00:00,2028-04-01 21:00 (UTC+3),"ballistic de-orbit, 1.68 km/s, 3 deg, 1.6-2.4 t",2.8224,0.39,156.2,53.3,far side,0,0,,0.0067,0.0278,0.00-0.00,0.0,0.00-0.00,12.0,8.3-15.6,41.5,0.0,0.00-0.00,0.0,0.00-0.00,0.0,0.00-0.00,0.0,0.00-0.00,0.0,0.00-0.00,0.0,0.0,0.0,0.00-0.00,0.0,0.00-0.00,0.0,0.00-0.00,0.0,0.00-0.00,0.0,0.00-0.00,0.0,0.0,0.0,0.00-0.00,0.0,0.00-0.00,0.0,0.00-0.00,0.0,0.00-0.00,0.0,0.00-0.00,0.0,0.0,0.0,0.0,0.0,not computed (far side),5-11 (U sin) / 15-30 (U)
S10,Weakened signal: S1 geometry with strong guided deceleration,intermediate,8.0,-22.0,2028-04-01 18:00:00,2028-04-01 21:00 (UTC+3),"strong guided deceleration, 0.8 km/s, 40 deg",0.576,0.39,19.4,118.1,near side central,14,7,1.240-1.282,0.0067,0.0281,1.00-1.00,0.87,0.78-0.95,13.7,10.0-17.4,156.7,0.349,0.29-0.42,0.115,0.08-0.15,0.0,0.00-0.00,0.06,0.03-0.09,0.349,0.29-0.42,0.453,0.141,0.523,0.45-0.60,0.329,0.27-0.39,0.092,0.05-0.14,0.123,0.08-0.17,0.307,0.24-0.37,0.722,0.475,0.386,0.32-0.46,0.22,0.17-0.27,0.092,0.05-0.14,0.128,0.09-0.17,0.309,0.25-0.38,0.527,0.272,0.0,0.0,0.0487,cannot determine (all cases outside the scaling domain),9-19 (U sin) / 11-23 (U)
S11,"Favourable alternative: winter evening (12 sites, January weather)",favourable,8.0,-25.0,2028-01-03 17:00:00,2028-01-03 20:00 (UTC+3),"ballistic de-orbit, 1.68 km/s, 3 deg, 1.6-2.4 t",2.8224,0.37,24.4,125.0,near side central,12,7,1.317-1.353,0.0067,0.0281,1.00-1.00,0.82,0.71-0.95,12.1,8.4-15.7,41.7,0.421,0.36-0.49,0.157,0.12-0.19,0.0,0.00-0.00,0.084,0.05-0.12,0.421,0.36-0.49,0.573,0.267,0.566,0.49-0.64,0.274,0.21-0.34,0.117,0.06-0.19,0.171,0.12-0.23,0.333,0.26-0.41,0.742,0.406,0.512,0.45-0.58,0.302,0.26-0.34,0.117,0.06-0.19,0.195,0.14-0.25,0.404,0.34-0.47,0.752,0.508,0.0,0.0039,0.1171,"within-domain cases: max SNR 0.00 (1-m, 1 s)",5-11 (U sin) / 15-30 (U)
