scenario,strategy,nondominated,dominated_by,nondominated_conservative,dominated_by_conservative
S1,A_turkiye_priority,True,,True,
S1,B_global_science,True,,True,
S1,C_public_participation,True,,True,
S2,A_turkiye_priority,True,,True,
S2,B_global_science,True,,True,
S2,C_public_participation,True,,True,
S3,A_turkiye_priority,True,,True,
S3,B_global_science,True,,True,
S3,C_public_participation,True,,True,
S4,A_turkiye_priority,True,,True,
S4,B_global_science,False,C_public_participation,False,C_public_participation
S4,C_public_participation,True,,True,
S5,A_turkiye_priority,True,,True,
S5,B_global_science,False,A_turkiye_priority,False,A_turkiye_priority
S5,C_public_participation,False,A_turkiye_priority,False,A_turkiye_priority
S6,A_turkiye_priority,True,,True,
S6,B_global_science,True,,True,
S6,C_public_participation,True,,True,
S7,A_turkiye_priority,True,,True,
S7,B_global_science,True,,True,
S7,C_public_participation,True,,True,
S8,A_turkiye_priority,True,,True,
S8,B_global_science,True,,True,
S8,C_public_participation,True,,True,
S9,A_turkiye_priority,True,,True,
S9,B_global_science,False,A_turkiye_priority;C_public_participation,False,A_turkiye_priority;C_public_participation
S9,C_public_participation,False,A_turkiye_priority,False,A_turkiye_priority
S10,A_turkiye_priority,True,,True,
S10,B_global_science,True,,True,
S10,C_public_participation,True,,True,
S11,A_turkiye_priority,True,,True,
S11,B_global_science,False,C_public_participation,False,C_public_participation
S11,C_public_participation,True,,True,
