scenario,cls,strategy,prior,n_stations,n_available,weight_recruited,weight_available,istanbul_hour,p_any,p_any_lo,p_any_hi,p_any_outer05,p_any_outer95,p_two_indep,p_two_indep_lo,p_two_indep_hi,p_two_indep_outer05,p_two_indep_outer95,p_dual_validated,p_dual_validated_lo,p_dual_validated_hi,p_dual_validated_outer05,p_dual_validated_outer95,p_confirmed,p_confirmed_lo,p_confirmed_hi,p_confirmed_outer05,p_confirmed_outer95,p_obvious_any,p_obvious_any_lo,p_obvious_any_hi,p_obvious_any_outer05,p_obvious_any_outer95,p_live,p_live_lo,p_live_hi,p_live_outer05,p_live_outer95,p_rapid,p_rapid_lo,p_rapid_hi,p_rapid_outer05,p_rapid_outer95,p_turkish,p_turkish_lo,p_turkish_hi,p_turkish_outer05,p_turkish_outer95
S1,favourable,A_turkiye_priority,wide|broad,9,9,10.3,10.3,21,0.48664166666666664,0.48020976867493026,0.493073564658403,0.41833063579802326,0.5551577231421192,0.21065,0.206394705697447,0.214905294302553,0.1691098503139458,0.2548765637579392,0.0,0.0,0.0,0.0,0.0,0.21065,0.206394705697447,0.214905294302553,0.1691098503139458,0.2548765637579392,0.36165833333333336,0.3555463235999465,0.36777034306672024,0.2978196275631136,0.42762543014415094,0.11781666666666667,0.11400982978933549,0.12162350354399784,0.08077781185241042,0.15973678049310464,0.350375,0.34302771132271814,0.35772228867728184,0.2712100419677521,0.43320272188656256,0.48664166666666664,0.48020976867493026,0.493073564658403,0.41833063579802326,0.5551577231421192
S1,favourable,A_turkiye_priority,v-scaled|broad,9,9,10.3,10.3,21,0.66765,0.6620295188645183,0.6732704811354816,0.6081727053256146,0.7249243530436085,0.3569,0.3507982839908987,0.3630017160091013,0.29306836040992923,0.4229356462155465,0.0,0.0,0.0,0.0,0.0,0.3569,0.3507982839908987,0.3630017160091013,0.29306836040992923,0.4229356462155465,0.54335,0.5367021069698881,0.5499978930301119,0.47170920278557843,0.6142006053587468,0.21355,0.20708215130542607,0.22001784869457391,0.14524867418862877,0.2893965054899352,0.474975,0.4669296754011306,0.48302032459886934,0.3859446953995785,0.5646490524784151,0.66765,0.6620295188645183,0.6732704811354816,0.6081727053256146,0.7249243530436085
S1,favourable,A_turkiye_priority,wide|cool,9,9,10.3,10.3,21,0.40363333333333334,0.39713329485455706,0.4101333718121096,0.33500292198773274,0.4739290634530906,0.12266666666666666,0.1194472903767218,0.12588604295661152,0.09334914918162215,0.15479427928609887,0.0,0.0,0.0,0.0,0.0,0.12266666666666666,0.1194472903767218,0.12588604295661152,0.09334914918162215,0.15479427928609887,0.29430833333333334,0.2882046298456781,0.3004120368209886,0.23084587665215642,0.36137748039744577,0.06339166666666667,0.06064123140838582,0.06614210192494752,0.037597884170657556,0.09422967748832928,0.302125,0.2951234915570009,0.30912650844299905,0.22736635052019788,0.38163148124564344,0.40363333333333334,0.39713329485455706,0.4101333718121096,0.33500292198773274,0.4739290634530906
S1,favourable,A_turkiye_priority,wide|narrow,9,9,10.3,10.3,21,0.48125,0.47512531463678037,0.48737468536321965,0.41701054344680755,0.5457335335423846,0.20044166666666666,0.19666302994526014,0.20422030338807318,0.16553526640358374,0.2373817677718789,0.0,0.0,0.0,0.0,0.0,0.20044166666666666,0.19666302994526014,0.20422030338807318,0.16553526640358374,0.2373817677718789,0.3599333333333333,0.3540128065515736,0.3658538601150931,0.2986190441313927,0.4232457422071288,0.11205,0.10843274176124662,0.11566725823875337,0.07649066596818355,0.15236965108418968,0.34976666666666667,0.34305762820310665,0.3564757051302267,0.2783057962664883,0.42419078612729116,0.48125,0.47512531463678037,0.48737468536321965,0.41701054344680755,0.5457335335423846
S1,favourable,B_global_science,wide|broad,31,10,67.8,20.3,21,0.6945916666666667,0.6877030969986653,0.7014802363346682,0.6170479914145663,0.7676789927217632,0.46634166666666665,0.45965081007241626,0.47303252326091705,0.3947747047413042,0.5384924206164001,0.1606,0.15415566823033097,0.167044331769669,0.09361877306732316,0.23904473542561697,0.48035833333333333,0.4735277535248675,0.4871889131417992,0.40689234798813284,0.5541792097436984,0.5427916666666667,0.5357513967309521,0.5498319366023813,0.46599320173027675,0.6187115827793621,0.22630833333333333,0.2204816572013941,0.23213500946527257,0.16566773978863597,0.2922663414592055,0.5797,0.5726552824553287,0.5867447175446713,0.50232288322807,0.6554186015228292,0.401325,0.39417081607855947,0.4084791839214405,0.32436782152533644,0.4804242627613442
S1,favourable,B_global_science,v-scaled|broad,31,10,67.8,20.3,21,0.90255,0.8988019677700327,0.9062980322299672,0.8613218019825478,0.9379945920864888,0.68615,0.6794100866456187,0.6928899133543813,0.6109746077518813,0.7573346381494434,0.2764666666666667,0.2659171414703788,0.2870161918629546,0.1630308653891594,0.40427193425742697,0.7088166666666667,0.7019012892349648,0.7157320440983685,0.6303457704193642,0.7822896915478458,0.8211,0.8147752954233315,0.8274247045766686,0.7486931019929359,0.8846676396156959,0.39729166666666665,0.38821717731501165,0.40636615601832166,0.29708591071333973,0.501405258201894,0.814875,0.80950562400885,0.8202443759911501,0.7549660987478619,0.8689451748130343,0.5166416666666667,0.5090884541727153,0.524194879160618,0.4333925645930373,0.5994841319264435
S1,favourable,B_global_science,wide|cool,31,10,67.8,20.3,21,0.6213416666666667,0.6137387363388579,0.6289445969944755,0.5358889504824496,0.7036842552003615,0.37930833333333336,0.3722589163428554,0.3863577503238113,0.30363089795756937,0.4575533708283735,0.10739166666666666,0.10254201546028467,0.11224131787304865,0.058993293768835484,0.16589943194652257,0.38856666666666667,0.3813570535661857,0.39577627976714763,0.31086236198917916,0.4687458615008208,0.456475,0.4492328775089921,0.46371712249100794,0.3779447347967531,0.5359334386388181,0.17161666666666667,0.1659320690450679,0.17730126428826543,0.112796753587753,0.2381957708063165,0.5053416666666667,0.4975741509756231,0.5131091823577103,0.4194674514451546,0.5911056219058753,0.3615,0.3546516570287621,0.36834834297123786,0.2885352364957922,0.43729390262660167
S1,favourable,B_global_science,wide|narrow,31,10,67.8,20.3,21,0.6942666666666667,0.6873426079678744,0.701190725365459,0.6164384702094114,0.7675882949132122,0.463225,0.4559169121300884,0.4705330878699116,0.38375112936206374,0.5435029278229928,0.15704166666666666,0.15040065580811968,0.16368267752521365,0.08851396941585543,0.2381199599883582,0.47686666666666666,0.4694530021801305,0.48428033115320285,0.39594138099033604,0.5583218273083892,0.5436416666666667,0.5364838940845932,0.5507994392487402,0.4652192836585226,0.6211454532678254,0.22613333333333333,0.2200044464125481,0.23226222025411855,0.16198619556282437,0.29628591144504757,0.5790916666666667,0.5722524990662362,0.5859308342670971,0.5043805321282051,0.6522659148488841,0.4021,0.39533309579115034,0.4088669042088497,0.32977819138875153,0.4762512681416809
S1,favourable,C_public_participation,wide|broad,40,18,17.8,11.0,21,0.5785833333333333,0.5721725098022032,0.5849941568644634,0.5095999955630535,0.646270822396245,0.39468333333333333,0.389344481699272,0.40002218496739467,0.3409818538422013,0.4494569159994741,0.1606,0.15415566823033097,0.167044331769669,0.09361877306732316,0.23904473542561697,0.40924166666666667,0.40354167199942453,0.4149416613339088,0.350692133252816,0.4688685550525307,0.40734166666666666,0.40104050572859307,0.41364282760474025,0.3409570014852258,0.4751729039785645,0.24819166666666667,0.2424450137039284,0.25393831962940494,0.1886439146246503,0.31210297888218963,0.45064166666666666,0.4431562314632324,0.4581271018701009,0.368963790603649,0.5334475623914071,0.46700833333333336,0.46059272089762765,0.47342394576903907,0.3989935067172615,0.5355343731208333
S1,favourable,C_public_participation,v-scaled|broad,40,18,17.8,11.0,21,0.8453083333333333,0.8404311448937897,0.850185521772877,0.790080084745873,0.8943955428191498,0.666,0.6589752066104129,0.6730247933895872,0.5870601805438755,0.7411738488139732,0.2764666666666667,0.2659171414703788,0.2870161918629546,0.1630308653891594,0.40427193425742697,0.6870333333333334,0.679704360179115,0.6943623064875518,0.6032106154258943,0.7659724682075051,0.664275,0.6567119930621154,0.6718380069378845,0.5784168302327348,0.7457028535526415,0.43571666666666664,0.4268114895262763,0.444621843807057,0.33685821699974106,0.536883069435648,0.6209416666666666,0.6131266518325755,0.6287566815007577,0.5323325830819702,0.7062927010066553,0.6799833333333334,0.674055332247721,0.6859113344189458,0.6160381094514156,0.7411473194515983
S1,favourable,C_public_participation,wide|cool,40,18,17.8,11.0,21,0.4745333333333333,0.467012575338462,0.4820540913282046,0.39222068072433613,0.557461601282093,0.2474,0.24244841849672405,0.25235158150327597,0.1980766186040281,0.29970089017446716,0.10739166666666666,0.10254201546028467,0.11224131787304865,0.058993293768835484,0.16589943194652257,0.265025,0.2595287634219355,0.27052123657806454,0.20886780201096103,0.3246175140801272,0.30716666666666664,0.30042116206934605,0.31391217126398724,0.23540520788712346,0.38312740841666904,0.17908333333333334,0.17341177596506363,0.18475489070160306,0.12022167959375832,0.2452125150685204,0.4084333333333333,0.40061793897501774,0.4162487276916489,0.32293924836529964,0.4963396557008373,0.3602,0.3535012593071604,0.3668987406928396,0.2891541627551784,0.4339754621416169
S1,favourable,C_public_participation,wide|narrow,40,18,17.8,11.0,21,0.5715416666666666,0.5647925484797515,0.5782907848535818,0.49815219025298707,0.6436129516364507,0.37755833333333333,0.37208426907200703,0.3830323975946596,0.3221898472155763,0.4343133370179266,0.15704166666666666,0.15040065580811968,0.16368267752521365,0.08851396941585543,0.2381199599883582,0.39361666666666667,0.38758037565467407,0.39965295767865927,0.3309265751608409,0.4578398904987947,0.4016166666666667,0.3950884277902567,0.40814490554307664,0.332538616449513,0.4724088211365767,0.245225,0.23924899316758397,0.25120100683241603,0.1827754756052119,0.3125915706248173,0.4522833333333333,0.44493951688363215,0.4596271497830345,0.37247704298291195,0.5331615221599563,0.45774166666666666,0.45162323810700833,0.463860095226325,0.3936917307221461,0.5223778122806935
S2,test,A_turkiye_priority,wide|broad,9,9,10.3,10.3,21,0.25580833333333336,0.24546463539221228,0.2661520312744544,0.1427854810206099,0.3849610789432185,0.0721,0.06676718574050265,0.07743281425949734,0.019539508510105247,0.1487144730312302,0.0,0.0,0.0,0.0,0.0,0.0721,0.06676718574050265,0.07743281425949734,0.019539508510105247,0.1487144730312302,0.15145833333333333,0.14302538542816393,0.15989128123850274,0.06423234768736541,0.2620619331974974,0.035783333333333334,0.03214986388127059,0.039416802785396075,0.003991538158302749,0.09270630446982132,0.18405833333333332,0.17597056010203715,0.1921461065646295,0.0973515699859153,0.28704846625533803,0.25580833333333336,0.24546463539221228,0.2661520312744544,0.1427854810206099,0.3849610789432185
S2,test,A_turkiye_priority,v-scaled|broad,9,9,10.3,10.3,21,0.4098583333333333,0.3956404480579656,0.42407621860870104,0.24763863630785854,0.5804932250019437,0.127025,0.11830454430731997,0.13574545569268004,0.040532916138232865,0.24542482119057393,0.0,0.0,0.0,0.0,0.0,0.127025,0.11830454430731997,0.13574545569268004,0.040532916138232865,0.24542482119057393,0.25393333333333334,0.2409082012888119,0.2669584653778548,0.11498552553565611,0.4197792092752605,0.06373333333333334,0.05783538403106881,0.06963128263559787,0.010670000639679171,0.15007287090259355,0.31321666666666664,0.3008834548196485,0.3255498785136848,0.174874431573377,0.46719942185493984,0.4098583333333333,0.3956404480579656,0.42407621860870104,0.24763863630785854,0.5804932250019437
S2,test,B_global_science,wide|broad,31,10,67.8,20.3,21,0.3787,0.36452437412346017,0.3928756258765398,0.21839093514640734,0.5509127172247157,0.21925833333333333,0.20846988774188077,0.2300467789247859,0.10260018699239767,0.35941720712301717,0.04844166666666667,0.04367541291974853,0.053207920413584804,0.008113849054125134,0.11485555942971673,0.2234,0.21234310533314504,0.23445689466685493,0.10390584661338151,0.3668919710829584,0.23026666666666668,0.21698945648093773,0.24354387685239562,0.0878794601571027,0.40707643216460077,0.068675,0.06228887658585052,0.07506112341414947,0.009717126266412145,0.1672381917321063,0.28599166666666664,0.273405764978873,0.2985775683544603,0.14687437117727453,0.44508850716562837,0.2316,0.22294931029637471,0.2402506897036253,0.13796408762215978,0.3381612175801838
S2,test,B_global_science,v-scaled|broad,31,10,67.8,20.3,21,0.621575,0.6017331852505602,0.6414168147494398,0.3793736453965752,0.8362324515161569,0.3873916666666667,0.36903505908842155,0.40574827424491183,0.17980743407072283,0.613881890624099,0.08549166666666666,0.07693415174070922,0.0940491815926241,0.015489669182880824,0.19749991453545923,0.3944416666666667,0.375532519793759,0.41335081353957437,0.18051142789705252,0.6271678208912324,0.3896833333333333,0.3683013247595105,0.41106534190715616,0.15255397931220302,0.6535051979690143,0.12083333333333333,0.1099728747476036,0.13169379191906305,0.02105617394537312,0.27635036559742576,0.493575,0.4733587889573285,0.5137912110426714,0.25671563485234644,0.7294324565334646,0.36891666666666667,0.35725486806755835,0.380578465265775,0.23731892491379408,0.5091827087849363
S2,test,C_public_participation,wide|broad,40,18,17.8,11.0,21,0.26836666666666664,0.25557009680103177,0.2811632365323015,0.12835629955154368,0.432042915530631,0.14013333333333333,0.13046969937990102,0.14979696728676564,0.041303546464966416,0.276265645909431,0.04844166666666667,0.04367541291974853,0.053207920413584804,0.008113849054125134,0.11485555942971673,0.14549166666666666,0.13545299833766736,0.15553033499566596,0.04306729753437504,0.28608622122575267,0.136375,0.12648942696645443,0.14626057303354556,0.0363165918537114,0.27742627238674555,0.07106666666666667,0.06439578218784679,0.07773755114548654,0.009620481660921224,0.174463484351004,0.2294,0.21938410672205316,0.23941589327794682,0.1207391679937479,0.35640531749208026,0.21720833333333334,0.20677618355713195,0.22764048310953472,0.10427983608788498,0.352294976829266
S2,test,C_public_participation,v-scaled|broad,40,18,17.8,11.0,21,0.45993333333333336,0.4401477894063991,0.47971887726026763,0.23086221553239936,0.6951837240676528,0.244375,0.2285836774074777,0.2601663225925223,0.07955225865453562,0.4538431934551164,0.08549166666666666,0.07693415174070922,0.0940491815926241,0.015489669182880824,0.19749991453545923,0.25400833333333334,0.23735440013326362,0.27066226653340303,0.08111656699755235,0.4735417276089817,0.2403,0.22361411337526899,0.25698588662473104,0.06809501987337327,0.4651463320646486,0.12573333333333334,0.11442362826016773,0.13704303840649892,0.021297636168667766,0.2886646015808945,0.3919416666666667,0.37664309470265933,0.40724023863067405,0.21730716744362977,0.5787892767747735,0.3701083333333333,0.3542672961661493,0.3859493705005173,0.19031139491407595,0.566210157024633
S3,intermediate,A_turkiye_priority,wide|broad,9,9,10.3,10.3,3,0.6433916666666667,0.6366434844993439,0.6501398488339895,0.5686087395117645,0.7153393455970527,0.33636666666666665,0.33119021796474796,0.34154311536858534,0.28474185391336,0.38969886827878353,0.0,0.0,0.0,0.0,0.0,0.33636666666666665,0.33119021796474796,0.34154311536858534,0.28474185391336,0.38969886827878353,0.49930833333333335,0.4923235665267159,0.5062931001399509,0.4236624176932055,0.5750086664018847,0.19064166666666665,0.1853506234321267,0.19593270990120662,0.13681705964627205,0.24994657480507784,0.5169,0.5083339282996692,0.5254660717003309,0.42081321775395064,0.6124685267956003,0.6433916666666667,0.6366434844993439,0.6501398488339895,0.5686087395117645,0.7153393455970527
S3,intermediate,A_turkiye_priority,v-scaled|broad,9,9,10.3,10.3,3,0.8292416666666667,0.8244566768333823,0.834026656499951,0.7762848558439945,0.8771528355724392,0.5482916666666666,0.5414611041293893,0.5551222292039439,0.4741154814356983,0.6215431542356391,0.0,0.0,0.0,0.0,0.0,0.5482916666666666,0.5414611041293893,0.5551222292039439,0.4741154814356983,0.6215431542356391,0.7145166666666667,0.7078423847917333,0.7211909485416,0.6393307993938058,0.7849211743618687,0.340275,0.3315759112220141,0.3489740887779859,0.24547430485101845,0.44098497992233976,0.6691083333333333,0.6606844535427374,0.6775322131239292,0.571454056243347,0.760885040933998,0.8292416666666667,0.8244566768333823,0.834026656499951,0.7762848558439945,0.8771528355724392
S3,intermediate,B_global_science,wide|broad,31,8,67.8,15.8,3,0.7440083333333334,0.7382633453135642,0.7497533213531026,0.6802460412260041,0.8036469009955098,0.4997666666666667,0.49334793138628125,0.5061854019470522,0.4315280618806906,0.567992952538394,0.2501833333333333,0.2434850637535475,0.2568816029131191,0.17968841554534948,0.3268508750859274,0.523925,0.5177078925184018,0.5301421074815982,0.4581899821289342,0.5892986749545519,0.594625,0.5884529263970669,0.600797073602933,0.5285804775808411,0.6592617223556654,0.33198333333333335,0.3261502869390505,0.3378163797276162,0.27169876213144645,0.3946890996686223,0.6703916666666667,0.6643176996273095,0.676465633706024,0.6042650746455935,0.7337842731383544,0.5764833333333333,0.5683580797362602,0.5846085869304065,0.48479591068818684,0.666049843739007
S3,intermediate,B_global_science,v-scaled|broad,31,8,67.8,15.8,3,0.9180833333333334,0.9150640800302638,0.9211025866364029,0.8860140495123172,0.9458948897591516,0.7058416666666667,0.6989252654568912,0.7127580678764422,0.628033907341367,0.7787642632483363,0.42151666666666665,0.4114558708457878,0.4315774624875455,0.30906627235606554,0.5377033448791353,0.7468916666666666,0.7403336469760996,0.7534496863572336,0.6726436547107661,0.8154037720818181,0.85375,0.8493651813918146,0.8581348186081854,0.8053632999459395,0.8970550037740339,0.5707333333333333,0.5629124518705907,0.5785542147960759,0.4831237331758048,0.6564880224619446,0.8805583333333333,0.8765970148020333,0.8845196518646333,0.8376872978956387,0.9183769472416129,0.7100916666666667,0.7024200503604466,0.7177632829728867,0.6211658768176982,0.7926007349831093
S3,intermediate,C_public_participation,wide|broad,40,16,17.8,10.4,3,0.6814666666666667,0.6754203699691561,0.6875129633641772,0.6155301906623607,0.7444553185949353,0.48920833333333336,0.4840095478389151,0.4944071188277516,0.4376169470309495,0.5408958296087575,0.2501833333333333,0.2434850637535475,0.2568816029131191,0.17968841554534948,0.3268508750859274,0.502225,0.49683980103420755,0.5076101989657925,0.44796166451878167,0.5564626601489726,0.5077666666666667,0.5015157308628668,0.5140176024704666,0.44166614638099133,0.5737412570509718,0.35139166666666666,0.3457862521036048,0.3569970812297285,0.29400012298300343,0.41064437094799205,0.617,0.6100260771601156,0.6239739228398844,0.5398367891296569,0.6917288614639514,0.61105,0.6041798334965159,0.617920166503484,0.5354334228159684,0.6844561875009743
S3,intermediate,C_public_participation,v-scaled|broad,40,16,17.8,10.4,3,0.9197583333333333,0.9168796740124407,0.9226369926542259,0.8894159113983537,0.9461932009828005,0.776925,0.7718023181250591,0.7820476818749409,0.7213142587235755,0.8286189352837162,0.42151666666666665,0.4114558708457878,0.4315774624875455,0.30906627235606554,0.5377033448791353,0.7964333333333333,0.7913956257586482,0.8014710409080185,0.7414835137825959,0.8470341299337025,0.7893666666666667,0.7837847974857093,0.794948535847624,0.7269710869645496,0.8464409821637716,0.6042583333333333,0.5968394217434388,0.6116772449232278,0.521269586728418,0.684759924002021,0.8053666666666667,0.799457321652649,0.8112760116806843,0.7378431450584473,0.866006778723362,0.835,0.8302721010506027,0.8397278989493973,0.7828667844229936,0.8820228855829193
S4,intermediate,A_turkiye_priority,wide|broad,9,4,10.3,2.9,22,0.4445,0.4381720507060431,0.4508279492939569,0.3778502915977745,0.512030260780096,0.15668333333333334,0.15287096461843785,0.16049570204822883,0.12067398183745533,0.19581089130115398,0.0,0.0,0.0,0.0,0.0,0.15668333333333334,0.15287096461843785,0.16049570204822883,0.12067398183745533,0.19581089130115398,0.3109,0.3053760099702076,0.31642399002979243,0.2546513320395524,0.3696309699736745,0.1744,0.16921939479896192,0.17958060520103808,0.12194365030404797,0.23279926695227818,0.37556666666666666,0.3686744026172032,0.38245893071613013,0.30199752514380235,0.4516743037023354,0.4445,0.4381720507060431,0.4508279492939569,0.3778502915977745,0.512030260780096
S4,intermediate,A_turkiye_priority,v-scaled|broad,9,4,10.3,2.9,22,0.6657166666666666,0.6590445576400391,0.6723887756932941,0.5918241280425969,0.736270227737548,0.28245,0.2767834956588428,0.28811650434115715,0.22420057982136776,0.34396919793662156,0.0,0.0,0.0,0.0,0.0,0.28245,0.2767834956588428,0.28811650434115715,0.22420057982136776,0.34396919793662156,0.5270333333333334,0.5198355888333379,0.5342310778333288,0.44831355184465993,0.6051507430910004,0.30800833333333333,0.2994083164699956,0.31660835019667105,0.21458457479478713,0.4087516849229142,0.5419166666666667,0.5336972226315952,0.5501361107017382,0.4497246931448023,0.6328813737129797,0.6657166666666666,0.6590445576400391,0.6723887756932941,0.5918241280425969,0.736270227737548
S4,intermediate,B_global_science,wide|broad,31,4,67.8,6.8,22,0.5921166666666666,0.5858646470629203,0.598368686270413,0.5250090726528478,0.6578090859436563,0.2555,0.24969808123923365,0.26130191876076636,0.19589416030228685,0.31930419409925503,9.166666666666667e-05,3.40183606073112e-05,0.00014931497272602213,6.766522376204707e-08,0.00038735206158582524,0.25551666666666667,0.24971736455824675,0.26131596877508656,0.19594404169442609,0.31928240548150255,0.447075,0.4411328812807372,0.4530171187192628,0.38550180246749316,0.5093653850369885,0.17445833333333333,0.1692803735796219,0.17963629308704476,0.12203312764256158,0.23281592425385836,0.455225,0.4486304906063077,0.46181950939369226,0.3850749919927036,0.5261798660379542,0.37556666666666666,0.3686744026172032,0.38245893071613013,0.30199752514380235,0.4516743037023354
S4,intermediate,B_global_science,v-scaled|broad,31,4,67.8,6.8,22,0.7970333333333334,0.7915270722575056,0.8025395944091611,0.7359964737004527,0.8526703985044077,0.37659166666666666,0.3690029402975294,0.3841803930358039,0.2935993663312181,0.46266705898779875,0.00019166666666666667,0.00011779143797845655,0.0002655418953548768,0.00019166666666666667,0.00019166666666666667,0.3766,0.36901083050295086,0.3841891694970491,0.2936017389613237,0.4626814450942303,0.7177083333333333,0.7114829279280991,0.7239337387385675,0.6485229997869884,0.7827363882747488,0.30811666666666665,0.29952215070636684,0.31671118262696646,0.21477277506800627,0.4087631692900108,0.6598083333333333,0.6523272513647279,0.6672894153019387,0.5752978911735696,0.740116869645479,0.5419166666666667,0.5336972226315952,0.5501361107017382,0.4497246931448023,0.6328813737129797
S4,intermediate,C_public_participation,wide|broad,40,8,17.8,4.1,22,0.5246416666666667,0.5187775162454651,0.5305058170878683,0.4636111552843243,0.5853831480849223,0.30544166666666667,0.30083332210081304,0.3100500112325203,0.26149193048466923,0.3509561241496458,9.166666666666667e-05,3.40183606073112e-05,0.00014931497272602213,6.766522376204707e-08,0.00038735206158582524,0.30545,0.3008414673677089,0.3100585326322911,0.261497082096332,0.3509677015895123,0.3559583333333333,0.3505424448555387,0.36137422181112794,0.30135919337633166,0.41220303266392977,0.20365,0.19857409852901375,0.20872590147098624,0.15246487270757572,0.25927873484993874,0.37559166666666666,0.36870253654161056,0.38248079679172275,0.30206074677371003,0.45165770471899097,0.45124166666666665,0.44489725676362074,0.45758607656971256,0.38434130760926466,0.5189157356148646
S4,intermediate,C_public_participation,v-scaled|broad,40,8,17.8,4.1,22,0.8076416666666667,0.8028347910011937,0.8124485423321397,0.7547195032594838,0.8562467756463412,0.5427583333333333,0.5364280711387429,0.5490885955279238,0.4752378712836558,0.6096409441582065,0.00019166666666666667,0.00011779143797845655,0.0002655418953548768,0.00019166666666666667,0.00019166666666666667,0.5427666666666666,0.5364384445125786,0.5490948888207546,0.47527320651744576,0.609622966815413,0.60585,0.5991229640209753,0.6125770359790247,0.5322127845452748,0.6775022828554891,0.35895,0.3511225846466829,0.3667774153533171,0.2740783548620011,0.447813034257458,0.5420083333333333,0.533792101447724,0.5502245652189426,0.44985610551564587,0.6329308292388567,0.6781583333333333,0.6716092848322393,0.6847073818344274,0.6057522490114481,0.7470501777988277
S5,unfavourable,A_turkiye_priority,wide|broad,9,9,10.3,10.3,21,0.009233333333333333,0.00827132563374338,0.010195341032923286,0.0020830094005265852,0.02048794724559947,0.0,0.0,0.0,0.0,0.0,0.0,0.0,0.0,0.0,0.0,0.0,0.0,0.0,0.0,0.0,0.002608333333333333,0.0021345647888686586,0.0030821018777980077,8.488253711157125e-05,0.008283019551449227,0.0,0.0,0.0,0.0,0.0,0.0,0.0,0.0,0.0,0.0,0.009233333333333333,0.00827132563374338,0.010195341032923286,0.0020830094005265852,0.02048794724559947
S5,unfavourable,A_turkiye_priority,v-scaled|broad,9,9,10.3,10.3,21,0.017583333333333333,0.015822085060832568,0.019344581605834098,0.0035182107975502063,0.0402459164397405,0.0,0.0,0.0,0.0,0.0,0.0,0.0,0.0,0.0,0.0,0.0,0.0,0.0,0.0,0.0,0.0053416666666666664,0.0045215444797629695,0.006161788853570363,0.00032101836267753786,0.015605659016791864,0.0,0.0,0.0,0.0,0.0,0.0,0.0,0.0,0.0,0.0,0.017583333333333333,0.015822085060832568,0.019344581605834098,0.0035182107975502063,0.0402459164397405
S5,unfavourable,B_global_science,wide|broad,31,10,67.8,20.3,21,0.009233333333333333,0.00827132563374338,0.010195341032923286,0.0020830094005265852,0.02048794724559947,0.0,0.0,0.0,0.0,0.0,0.0,0.0,0.0,0.0,0.0,0.0,0.0,0.0,0.0,0.0,0.002608333333333333,0.0021345647888686586,0.0030821018777980077,8.488253711157125e-05,0.008283019551449227,0.0,0.0,0.0,0.0,0.0,0.0,0.0,0.0,0.0,0.0,0.009233333333333333,0.00827132563374338,0.010195341032923286,0.0020830094005265852,0.02048794724559947
S5,unfavourable,B_global_science,v-scaled|broad,31,10,67.8,20.3,21,0.017583333333333333,0.015822085060832568,0.019344581605834098,0.0035182107975502063,0.0402459164397405,0.0,0.0,0.0,0.0,0.0,0.0,0.0,0.0,0.0,0.0,0.0,0.0,0.0,0.0,0.0,0.0053416666666666664,0.0045215444797629695,0.006161788853570363,0.00032101836267753786,0.015605659016791864,0.0,0.0,0.0,0.0,0.0,0.0,0.0,0.0,0.0,0.0,0.017583333333333333,0.015822085060832568,0.019344581605834098,0.0035182107975502063,0.0402459164397405
S5,unfavourable,C_public_participation,wide|broad,40,18,17.8,11.0,21,0.0,0.0,0.0,0.0,0.0,0.0,0.0,0.0,0.0,0.0,0.0,0.0,0.0,0.0,0.0,0.0,0.0,0.0,0.0,0.0,0.0,0.0,0.0,0.0,0.0,0.0,0.0,0.0,0.0,0.0,0.0,0.0,0.0,0.0,0.0,0.0,0.0,0.0,0.0,0.0
S5,unfavourable,C_public_participation,v-scaled|broad,40,18,17.8,11.0,21,0.0,0.0,0.0,0.0,0.0,0.0,0.0,0.0,0.0,0.0,0.0,0.0,0.0,0.0,0.0,0.0,0.0,0.0,0.0,0.0,0.0,0.0,0.0,0.0,0.0,0.0,0.0,0.0,0.0,0.0,0.0,0.0,0.0,0.0,0.0,0.0,0.0,0.0,0.0,0.0
S6,unfavourable,A_turkiye_priority,wide|broad,9,9,10.3,10.3,3,0.5133416666666667,0.5001860542470732,0.5264972790862602,0.36146328488713914,0.6640356053139463,0.2755666666666667,0.2681337914009434,0.28299954193238996,0.19553126022583475,0.36221093653718656,0.0,0.0,0.0,0.0,0.0,0.2755666666666667,0.2681337914009434,0.28299954193238996,0.19553126022583475,0.36221093653718656,0.402075,0.3912054232452725,0.4129445767547275,0.28056904887144535,0.5290235787094679,0.15788333333333332,0.1521182371652792,0.16364842950138744,0.09868431310544887,0.22604657965797004,0.4131916666666667,0.40130116376063035,0.425082169572703,0.2797434564749187,0.5524782267167421,0.5133416666666667,0.5001860542470732,0.5264972790862602,0.36146328488713914,0.6640356053139463
S6,unfavourable,A_turkiye_priority,v-scaled|broad,9,9,10.3,10.3,3,0.6519916666666666,0.6360511215363942,0.6679322117969391,0.4569497767425165,0.8267493408087865,0.4448666666666667,0.4332004865441487,0.45653284678918465,0.3129865630367352,0.5802219781292969,0.0,0.0,0.0,0.0,0.0,0.4448666666666667,0.4332004865441487,0.45653284678918465,0.3129865630367352,0.5802219781292969,0.56835,0.5538174610117501,0.5828825389882499,0.3970434612223899,0.7328894879933228,0.2756416666666667,0.2658974826815393,0.28538585065179406,0.17118349092653826,0.39215190016484774,0.5216916666666667,0.507619722445025,0.5357636108883084,0.3582604777230746,0.6834366348568326,0.6519916666666666,0.6360511215363942,0.6679322117969391,0.4569497767425165,0.8267493408087865
S6,unfavourable,B_global_science,wide|broad,31,8,67.8,15.8,3,0.5931916666666667,0.5778702232190219,0.6085131101143114,0.41016730428744624,0.7655875005487383,0.40376666666666666,0.39244081447782625,0.4150925188555071,0.2770930248194366,0.5363407351701988,0.20348333333333332,0.19548467674331058,0.21148198992335607,0.12041286225439776,0.2993722512356084,0.4233166666666667,0.4115153134903206,0.43511801984301274,0.29056621475820343,0.5611864541059483,0.47929166666666667,0.4665468389778801,0.49203649435545327,0.3334488724203099,0.6268035365323144,0.2723,0.2637514266172026,0.2808485733827974,0.18035940745664467,0.3734926806230169,0.5381,0.5239201591886203,0.5522798408113797,0.3726807790701882,0.6999197135919795,0.455825,0.4435339809585141,0.46811601904148586,0.3162044130365432,0.5985498140550529
S6,unfavourable,B_global_science,v-scaled|broad,31,8,67.8,15.8,3,0.7147333333333333,0.6970033020388927,0.732463364627774,0.4843892087453801,0.903021921190655,0.5544666666666667,0.5397204522321956,0.5692128811011378,0.38074015166506375,0.7229099794749458,0.3360166666666667,0.3237930244659088,0.3482403088674246,0.2028942900163931,0.4821918472172089,0.586375,0.5710129822709572,0.6017370177290428,0.4027448561338458,0.7604655343259392,0.6729583333333333,0.6559454469083714,0.6899712197582952,0.45976208728863843,0.8584161820577821,0.45898333333333335,0.44554998635203175,0.47241668031463496,0.3060854399312387,0.6158093353887019,0.6876333333333333,0.6704537390573164,0.7048129276093502,0.4705217943173914,0.8729702571966832,0.5517083333333334,0.5372608474233003,0.5661558192433664,0.3821776934756133,0.716455993474225
S6,unfavourable,C_public_participation,wide|broad,40,16,17.8,10.4,3,0.5496,0.535182799254749,0.564017200745251,0.38081271794461746,0.7134550108569855,0.40063333333333334,0.39009553106102257,0.4111711356056441,0.28281731250464043,0.523500502462253,0.20348333333333332,0.19548467674331058,0.21148198992335607,0.12041286225439776,0.2993722512356084,0.41151666666666664,0.4005261625354347,0.42250717079789857,0.28818796107371053,0.5397428020324126,0.41544166666666665,0.4039187401694965,0.4269645931638368,0.28613553436781525,0.5500323430749645,0.28875833333333334,0.28006534255541393,0.29745132411125275,0.19482411540983466,0.3912421285972743,0.4941333333333333,0.480688092562827,0.5075785741038396,0.33942833414256174,0.6494090383911508,0.4936,0.4806622881020382,0.5065377118979618,0.3450899212583297,0.642501124925474
S6,unfavourable,C_public_participation,v-scaled|broad,40,16,17.8,10.4,3,0.7216333333333333,0.7039045039978751,0.7393621626687916,0.4910621791232173,0.908079055588491,0.6243083333333334,0.6085595007476514,0.6400571659190153,0.43450084901554314,0.7984638360880781,0.3360166666666667,0.3237930244659088,0.3482403088674246,0.2028942900163931,0.4821918472172089,0.63825,0.6220491055333754,0.6544508944666245,0.4409652579971665,0.8167960774453105,0.6315916666666667,0.6154168165988152,0.6477665167345181,0.434715207503585,0.8108831205435174,0.48788333333333334,0.47417726008338323,0.5015894065832834,0.33055483528030416,0.6466324708703018,0.62725,0.6114101701364539,0.643089829863546,0.43490281265267916,0.8034918531338797,0.6603583333333334,0.6441180799620018,0.676598586704665,0.4605436756150173,0.8375585301248886
S7,unfavourable,A_turkiye_priority,wide|broad,9,9,10.3,10.3,21,0.4923,0.4859156711517103,0.4986843288482897,0.42457953065408266,0.5601555602567136,0.22373333333333334,0.21946542772803662,0.22800123893863006,0.18304027850619844,0.26679328463545976,0.0,0.0,0.0,0.0,0.0,0.22373333333333334,0.21946542772803662,0.22800123893863006,0.18304027850619844,0.26679328463545976,0.378025,0.3718832948208549,0.3841667051791451,0.3137034589298422,0.4441915065353941,0.13211666666666666,0.12797861250004755,0.13625472083328577,0.09175385921614618,0.1775205811762237,0.36273333333333335,0.3552776379054211,0.3701890287612456,0.2820450202867268,0.4468513522186175,0.4923,0.4859156711517103,0.4986843288482897,0.42457953065408266,0.5601555602567136
S7,unfavourable,A_turkiye_priority,v-scaled|broad,9,9,10.3,10.3,21,0.6488083333333333,0.641982210154697,0.6556344565119696,0.5727560747362925,0.7218211109394849,0.366675,0.360535765338185,0.37281423466181496,0.3027087297355918,0.4327212133379039,0.0,0.0,0.0,0.0,0.0,0.366675,0.360535765338185,0.37281423466181496,0.3027087297355918,0.4327212133379039,0.5449416666666667,0.5378131601925804,0.5520701731407529,0.4668170300974794,0.6221753350442227,0.23135,0.22460209546531984,0.23809790453468016,0.1611860726080263,0.3086404264229229,0.4613083333333333,0.4527224766438302,0.46989419002283644,0.3657671631286908,0.5581399094855952,0.6488083333333333,0.641982210154697,0.6556344565119696,0.5727560747362925,0.7218211109394849
S7,unfavourable,B_global_science,wide|broad,31,10,67.8,20.3,21,0.6995333333333333,0.6922490549787641,0.7068176116879026,0.6160244353955591,0.7777814639840018,0.4836916666666667,0.4770006826435461,0.49038265068978726,0.4119333552683183,0.5556626380375027,0.16791666666666666,0.16137739570482,0.17445593762851333,0.10033443092191499,0.24646765286125538,0.4973,0.4905173319121657,0.5040826680878344,0.4242819861564009,0.5702874176588948,0.5600916666666667,0.5531875184837024,0.5669958148496309,0.48476625061597484,0.6342821019110496,0.24251666666666666,0.2366872710684284,0.2483460622649049,0.18205092385362592,0.3076863138075413,0.589375,0.5822365310142024,0.5965134689857976,0.5106706819344788,0.6661442462780439,0.4069333333333333,0.39968147086915695,0.4141851957975097,0.32845442637376465,0.48747472869270325
S7,unfavourable,B_global_science,v-scaled|broad,31,10,67.8,20.3,21,0.8510083333333334,0.8443651241181905,0.8576515425484762,0.7673542386165554,0.9206462702654032,0.65645,0.6488698635183158,0.6640301364816842,0.5699745689466168,0.7387713411508519,0.27520833333333333,0.2650114052322036,0.28540526143446304,0.165817228459565,0.39814113143028446,0.6787,0.6710888058114386,0.6863111941885613,0.5912788809324512,0.7611171407616095,0.8011833333333334,0.794222933860306,0.8081437328063608,0.717489817262845,0.8748616382515184,0.4089583333333333,0.40004232602901274,0.4178743406376539,0.3101787457597762,0.5110908759727115,0.7734833333333333,0.7664919322306929,0.7804747344359737,0.6908717786487346,0.8479019952770758,0.49751666666666666,0.489258033730366,0.5057752996029673,0.40553010131356715,0.5896594750048102
S7,unfavourable,C_public_participation,wide|broad,40,18,17.8,11.0,21,0.5927333333333333,0.5860473536187576,0.5994193130479091,0.5200111632312395,0.6637403628926459,0.415175,0.4101849196020504,0.42016508039794964,0.36650218763155357,0.46454887657741484,0.16791666666666666,0.16137739570482,0.17445593762851333,0.10033443092191499,0.24646765286125538,0.4299,0.42459544595557047,0.43520455404442954,0.3769065151868475,0.48357710019613,0.43445833333333334,0.4282489916392285,0.44066767502743814,0.3691673138212987,0.5006802259362818,0.26576666666666665,0.26006417751333805,0.27146915581999526,0.2070004266772587,0.3282846772246717,0.4607583333333333,0.4530940389250619,0.46842262774160476,0.3766398378883012,0.5457657014135149,0.48034166666666667,0.4739675200735876,0.4867158132597457,0.4128376672160655,0.5481590764781521
S7,unfavourable,C_public_participation,v-scaled|broad,40,18,17.8,11.0,21,0.8203416666666666,0.8138952026659738,0.8267881306673595,0.7429995207159861,0.8879171376888865,0.672875,0.6666108031358016,0.6791391968641984,0.604142972102937,0.7385988864045083,0.27520833333333333,0.2650114052322036,0.28540526143446304,0.165817228459565,0.39814113143028446,0.6913333333333334,0.6848070624436681,0.6978596042229986,0.6185889498814554,0.7602551855528539,0.6734,0.666109331666869,0.680690668333131,0.5911095219993401,0.7513331431115726,0.449425,0.4410603471282097,0.45778965287179035,0.3568291474007902,0.5436237694439543,0.5930916666666667,0.5845012356821514,0.601682097651182,0.49481493444737645,0.6883897015907012,0.66745,0.6605500583773175,0.6743499416226825,0.5900849775497898,0.7411813828367311
S8,intermediate,A_turkiye_priority,wide|broad,9,9,10.3,10.3,21,0.14514166666666667,0.1366869094724423,0.15359642386089103,0.0613873466296081,0.2521781016070878,0.028791666666666667,0.025357745819973895,0.03222558751335944,0.003126715824175114,0.07544095656194846,0.0,0.0,0.0,0.0,0.0,0.028791666666666667,0.025357745819973895,0.03222558751335944,0.003126715824175114,0.07544095656194846,0.0741,0.06803655398979222,0.08016344601020778,0.020416560339137784,0.15252441996953386,0.011383333333333334,0.009333714441602475,0.013432952225064193,2.4938045136955135e-05,0.045057768479894955,0.10104166666666667,0.09441629863121019,0.10766703470212315,0.0368487767941563,0.18749762510986945,0.14514166666666667,0.1366869094724423,0.15359642386089103,0.0613873466296081,0.2521781016070878
S8,intermediate,A_turkiye_priority,v-scaled|broad,9,9,10.3,10.3,21,0.242425,0.2291665559702545,0.2556834440297455,0.10554594483439717,0.40894714707272994,0.05309166666666667,0.04731283526855945,0.05887049806477389,0.006952038802313725,0.13285665729194657,0.0,0.0,0.0,0.0,0.0,0.05309166666666667,0.04731283526855945,0.05887049806477389,0.006952038802313725,0.13285665729194657,0.12821666666666667,0.11819078084594097,0.1382425524873924,0.03585162415120306,0.25924219934325954,0.022166666666666668,0.01887156097847232,0.025461772354861016,0.0007407589314937984,0.0695917623352242,0.176575,0.16521681014101733,0.1879331898589827,0.06317750768746297,0.32471931227541606,0.242425,0.2291665559702545,0.2556834440297455,0.10554594483439717,0.40894714707272994
S8,intermediate,B_global_science,wide|broad,31,10,67.8,20.3,21,0.21735,0.20520548124327292,0.22949451875672705,0.09229858649411574,0.371834990323866,0.1087,0.0999322536517757,0.11746774634822431,0.026592177963563057,0.22920916102966654,0.017175,0.014339622229469377,0.02001037777053062,0.00012173360041236316,0.0626012910969758,0.11015,0.10117848039776987,0.11912151960223012,0.02645886167555057,0.23339227027505208,0.10610833333333333,0.09669749191574233,0.11551917475092434,0.022874251944997426,0.23232593122696274,0.022816666666666666,0.01902380071382352,0.02660953261950981,9.383336548235188e-05,0.0861163339493213,0.15035,0.1398419314551763,0.16085806854482373,0.04750311133814431,0.2901252406695985,0.1376,0.13005019024145079,0.14514980975854921,0.06214207218180613,0.23272192451047763
S8,intermediate,B_global_science,v-scaled|broad,31,10,67.8,20.3,21,0.36720833333333336,0.3471558410248803,0.38726082564178643,0.15058308749411417,0.6141497453385645,0.19223333333333334,0.17660913490116784,0.20785753176549884,0.045350433707028244,0.39967510234067816,0.031766666666666665,0.027072480551816862,0.036460852781516465,0.0011273245814206556,0.09866214820651878,0.19499166666666667,0.17904471780487627,0.21093861552845708,0.04530004236388917,0.4066782097725727,0.184775,0.1689614975626484,0.2005885024373516,0.04038411275329724,0.39357465122184593,0.04235,0.03618954671862134,0.04851045328137866,0.0012535763432981043,0.1335592779067805,0.2622833333333333,0.24411690760192348,0.2804497590647432,0.07973545631113622,0.49671232137846194,0.227425,0.2157473242199386,0.23910267578006136,0.1059231985839824,0.37400519008012456
S8,intermediate,C_public_participation,wide|broad,40,18,17.8,11.0,21,0.1368,0.1267885428407119,0.14681145715928812,0.0407281405997645,0.2701271005754961,0.053941666666666666,0.047777559122570194,0.06010577421076314,0.005154502946847845,0.14313765817436266,0.017175,0.014339622229469377,0.02001037777053062,0.00012173360041236316,0.0626012910969758,0.056575,0.050056572550464945,0.06309342744953506,0.005176142545022141,0.15111457530030792,0.0531,0.04687284615480513,0.05932715384519487,0.004592097336366944,0.1434491181823744,0.023116666666666667,0.019248352764950436,0.0269849805683829,9.097197840181571e-05,0.0875015722997371,0.124775,0.11619108590633012,0.13335891409366987,0.041322523525296265,0.2384907202100915,0.11169166666666666,0.1037316422217898,0.11965169111154353,0.03593446088480567,0.21638274606874072
S8,intermediate,C_public_participation,v-scaled|broad,40,18,17.8,11.0,21,0.24063333333333334,0.22344690152135754,0.25781976514530913,0.07084722250824158,0.463426650969311,0.10084166666666666,0.0902296163225333,0.11145371701080002,0.013022503246313539,0.24860298555328325,0.031766666666666665,0.027072480551816862,0.036460852781516465,0.0011273245814206556,0.09866214820651878,0.105275,0.09401947323271606,0.11653052676728393,0.012973059993074444,0.2616073979326989,0.09768333333333333,0.08676892346480007,0.10859774320186659,0.009915328818930152,0.25220417346296276,0.043658333333333334,0.03724604836768053,0.05007061829898614,0.0012431326392081622,0.1382511880771875,0.21665,0.20206251152956994,0.23123748847043007,0.07087803944083736,0.40651417109126387,0.1972,0.1836072869329698,0.21079271306703018,0.0633661362075933,0.3743729998239945
S9,unfavourable,A_turkiye_priority,wide|broad,9,0,10.3,0.0,21,0.0,0.0,0.0,0.0,0.0,0.0,0.0,0.0,0.0,0.0,0.0,0.0,0.0,0.0,0.0,0.0,0.0,0.0,0.0,0.0,0.0,0.0,0.0,0.0,0.0,0.0,0.0,0.0,0.0,0.0,0.0,0.0,0.0,0.0,0.0,0.0,0.0,0.0,0.0,0.0
S9,unfavourable,A_turkiye_priority,v-scaled|broad,9,0,10.3,0.0,21,0.0,0.0,0.0,0.0,0.0,0.0,0.0,0.0,0.0,0.0,0.0,0.0,0.0,0.0,0.0,0.0,0.0,0.0,0.0,0.0,0.0,0.0,0.0,0.0,0.0,0.0,0.0,0.0,0.0,0.0,0.0,0.0,0.0,0.0,0.0,0.0,0.0,0.0,0.0,0.0
S9,unfavourable,B_global_science,wide|broad,31,0,67.8,0.0,21,0.0,0.0,0.0,0.0,0.0,0.0,0.0,0.0,0.0,0.0,0.0,0.0,0.0,0.0,0.0,0.0,0.0,0.0,0.0,0.0,0.0,0.0,0.0,0.0,0.0,0.0,0.0,0.0,0.0,0.0,0.0,0.0,0.0,0.0,0.0,0.0,0.0,0.0,0.0,0.0
S9,unfavourable,B_global_science,v-scaled|broad,31,0,67.8,0.0,21,0.0,0.0,0.0,0.0,0.0,0.0,0.0,0.0,0.0,0.0,0.0,0.0,0.0,0.0,0.0,0.0,0.0,0.0,0.0,0.0,0.0,0.0,0.0,0.0,0.0,0.0,0.0,0.0,0.0,0.0,0.0,0.0,0.0,0.0,0.0,0.0,0.0,0.0,0.0,0.0
S9,unfavourable,C_public_participation,wide|broad,40,0,17.8,0.0,21,0.0,0.0,0.0,0.0,0.0,0.0,0.0,0.0,0.0,0.0,0.0,0.0,0.0,0.0,0.0,0.0,0.0,0.0,0.0,0.0,0.0,0.0,0.0,0.0,0.0,0.0,0.0,0.0,0.0,0.0,0.0,0.0,0.0,0.0,0.0,0.0,0.0,0.0,0.0,0.0
S9,unfavourable,C_public_participation,v-scaled|broad,40,0,17.8,0.0,21,0.0,0.0,0.0,0.0,0.0,0.0,0.0,0.0,0.0,0.0,0.0,0.0,0.0,0.0,0.0,0.0,0.0,0.0,0.0,0.0,0.0,0.0,0.0,0.0,0.0,0.0,0.0,0.0,0.0,0.0,0.0,0.0,0.0,0.0,0.0,0.0,0.0,0.0,0.0,0.0
S10,intermediate,A_turkiye_priority,wide|broad,9,9,10.3,10.3,21,0.349225,0.3431622598736418,0.3552877401263582,0.28575346956190345,0.415023263867585,0.115375,0.11208075388050431,0.1186692461194957,0.08455187848717904,0.14957871807494397,0.0,0.0,0.0,0.0,0.0,0.115375,0.11208075388050431,0.1186692461194957,0.08455187848717904,0.14957871807494397,0.228425,0.2231130433806189,0.23373695661938107,0.17344894950952106,0.2876210106405336,0.05995,0.057246311599282534,0.06265368840071747,0.03472532380060476,0.09035029798952751,0.2518166666666667,0.2457884170674383,0.2578449162658951,0.18903607183089743,0.31936818293627217,0.349225,0.3431622598736418,0.3552877401263582,0.28575346956190345,0.415023263867585
S10,intermediate,A_turkiye_priority,v-scaled|broad,9,9,10.3,10.3,21,0.4530416666666667,0.44508255306516503,0.4610007802681683,0.36523198867018486,0.5420831120018748,0.140875,0.13674958509776558,0.14500041490223442,0.10033635826207267,0.18605076128686387,0.0,0.0,0.0,0.0,0.0,0.140875,0.13674958509776558,0.14500041490223442,0.10033635826207267,0.18605076128686387,0.2983,0.2908007056805469,0.30579929431945313,0.21723551515613948,0.3851034254204302,0.06750833333333334,0.0641508391200904,0.07086582754657628,0.03486315570044504,0.10809554254106707,0.35406666666666664,0.3459444874292643,0.36218884590406897,0.26575570479055294,0.44690950094299214,0.4530416666666667,0.44508255306516503,0.4610007802681683,0.36523198867018486,0.5420831120018748
S10,intermediate,B_global_science,wide|broad,31,10,67.8,20.3,21,0.5232,0.5164623557200363,0.5299376442799637,0.4505549477057047,0.5953312167039622,0.329025,0.3233061984388402,0.33474380156115985,0.2701526315818855,0.3902549072258317,0.09150833333333333,0.08757143469658296,0.0954452319700837,0.053306386406036695,0.1371389670626128,0.33655,0.3306930490929653,0.3424069509070347,0.27590079512772603,0.39955842752493,0.364625,0.3581334363395498,0.37111656366045015,0.295143952548212,0.43646100366651325,0.12326666666666666,0.11925326494546211,0.12728006838787123,0.08351187653788901,0.16835724924629414,0.41085,0.40449566694059746,0.4172043330594025,0.34350156981088203,0.47957210770289393,0.3073,0.301296067423883,0.31330393257611705,0.2448039222381563,0.37295771062471983
S10,intermediate,B_global_science,v-scaled|broad,31,10,67.8,20.3,21,0.7219416666666667,0.7137947954503813,0.7300885378829521,0.6288273807299323,0.8071379357972674,0.4750083333333333,0.4665175101135419,0.4834991565531247,0.3802528221634861,0.5703571069610585,0.1144,0.10894993147656784,0.11985006852343216,0.06074612763488247,0.17981156281072055,0.48446666666666666,0.4758107120864287,0.4931226212469046,0.38751266114010113,0.5817060205839201,0.49285833333333334,0.48269737475365415,0.5030192919130125,0.3766413735674082,0.6088291824998984,0.1503,0.14464368493505683,0.15595631506494315,0.09214809862890119,0.21771286742999102,0.5851083333333333,0.5760178545637223,0.5941988121029443,0.4815595130334688,0.6851779213883255,0.40808333333333335,0.4002398885638791,0.4159267781027876,0.32242324108803255,0.4962172021500422
S10,intermediate,C_public_participation,wide|broad,40,18,17.8,11.0,21,0.3863416666666667,0.3799510357051306,0.3927322976282028,0.31855082309762034,0.45598552381229707,0.21975833333333333,0.21504535005653375,0.22447131661013292,0.1726637981873641,0.2701267795420584,0.09150833333333333,0.08757143469658296,0.0954452319700837,0.053306386406036695,0.1371389670626128,0.23235,0.2272658755496019,0.2374341244503981,0.18074482441952416,0.2875701979859933,0.22675833333333334,0.22110308786806188,0.2324135787986048,0.16741012845995534,0.2911131713566525,0.12813333333333332,0.12409192282501995,0.13217474384164668,0.08787165942496171,0.1735833983638509,0.3209166666666667,0.3145043795058195,0.32732895382751387,0.25329931554965135,0.3918823633803987,0.3090583333333333,0.30295430918582117,0.3151623574808455,0.24509121430932992,0.3762736075753803
S10,intermediate,C_public_participation,v-scaled|broad,40,18,17.8,11.0,21,0.5265166666666666,0.5175298885484,0.5355034447849333,0.4248490263598873,0.6270042336617337,0.2722333333333333,0.26573446312374177,0.2787322035429249,0.2029444978655492,0.3464978556933713,0.1144,0.10894993147656784,0.11985006852343216,0.06074612763488247,0.17981156281072055,0.2919333333333333,0.28466219691753014,0.2992044697491365,0.21342485009588527,0.3760462684703369,0.29786666666666667,0.28946419374945287,0.30626913958388047,0.20557303348200143,0.3976259198061885,0.15526666666666666,0.1495739373525231,0.16095939598081022,0.09664677801877083,0.22286139206893904,0.4547333333333333,0.4459180330406841,0.46354863362598253,0.35631598458735764,0.5545882358902342,0.415975,0.40761683475585314,0.4243331652441468,0.32349509015589833,0.5109971701204346
S11,favourable,A_turkiye_priority,wide|broad,9,9,10.3,10.3,20,0.4209333333333333,0.41484756254719474,0.4270191041194719,0.3575240714272733,0.4854754601811498,0.157025,0.15349468151511933,0.16055531848488067,0.1241711796293655,0.19242633994376843,0.0,0.0,0.0,0.0,0.0,0.157025,0.15349468151511933,0.16055531848488067,0.1241711796293655,0.19242633994376843,0.31269166666666665,0.30692117969753036,0.31846215363580294,0.25323731543547745,0.3748840076941372,0.08396666666666666,0.08059732963061121,0.08733600370272211,0.051193608005671756,0.12263545745195184,0.2817,0.27470400725756083,0.2886959927424392,0.2080491152050362,0.36081427439149766,0.4209333333333333,0.41484756254719474,0.4270191041194719,0.3575240714272733,0.4854754601811498
S11,favourable,A_turkiye_priority,v-scaled|broad,9,9,10.3,10.3,20,0.5730666666666666,0.566532494559705,0.5796008387736282,0.5026759996659893,0.6421813187373986,0.26721666666666666,0.2614609073998958,0.2729724259334375,0.207345133200309,0.3309074959255196,0.0,0.0,0.0,0.0,0.0,0.26721666666666666,0.2614609073998958,0.2729724259334375,0.207345133200309,0.3309074959255196,0.456625,0.449735459680415,0.463514540319585,0.38256703699795125,0.5314884970981915,0.14631666666666668,0.14030162340716013,0.15233170992617323,0.08394934376625622,0.21994283193370792,0.3700333333333333,0.36187356536606047,0.3781931013006062,0.2808833880287357,0.46313323644303556,0.5730666666666666,0.566532494559705,0.5796008387736282,0.5026759996659893,0.6421813187373986
S11,favourable,A_turkiye_priority,wide|cool,9,9,10.3,10.3,20,0.3484083333333333,0.34221761453138816,0.3545990521352785,0.283776207393724,0.41551466853413493,0.09193333333333334,0.08919197279373987,0.0946746938729268,0.06738124782143287,0.11927561200670045,0.0,0.0,0.0,0.0,0.0,0.09193333333333334,0.08919197279373987,0.0946746938729268,0.06738124782143287,0.11927561200670045,0.254175,0.2483757160380092,0.25997428396199074,0.1940650035351128,0.31854777898763953,0.04435833333333333,0.042124492211156335,0.04659217445551033,0.024302519534610448,0.06903350291035162,0.2457,0.23919618423455216,0.2522038157654478,0.1776977651830132,0.3196397879064237,0.3484083333333333,0.34221761453138816,0.3545990521352785,0.283776207393724,0.41551466853413493
S11,favourable,A_turkiye_priority,wide|narrow,9,9,10.3,10.3,20,0.41655,0.410703174741106,0.42239682525889394,0.3562383289576398,0.47792824167080256,0.15068333333333334,0.14734576720373255,0.15402089946293412,0.12035817906035719,0.18329161488646614,0.0,0.0,0.0,0.0,0.0,0.15068333333333334,0.14734576720373255,0.15402089946293412,0.12035817906035719,0.18329161488646614,0.3106083333333333,0.3051762933853864,0.31604037328128026,0.2554928579161829,0.36810134097036734,0.079225,0.07591002883745773,0.08253997116254227,0.04722125549483475,0.11728794415934221,0.28029166666666666,0.27333208204712983,0.2872512512862035,0.20606753827464708,0.35999705981405083,0.41655,0.410703174741106,0.42239682525889394,0.3562383289576398,0.47792824167080256
S11,favourable,B_global_science,wide|broad,31,8,67.8,15.8,20,0.5660166666666666,0.5593905964396567,0.5726427368936765,0.49432648360850645,0.6365620389832706,0.27426666666666666,0.26834723591325427,0.28018609742007905,0.2131223220286471,0.3392761287966794,0.11685833333333333,0.1110033664291646,0.12271330023750206,0.058428478154046413,0.18912407581243773,0.3030333333333333,0.2967065806954176,0.30936008597124903,0.23695090723874548,0.37281653553445926,0.44030833333333336,0.43384455805410116,0.44677210861256555,0.3717743213748904,0.5098094832369138,0.17063333333333333,0.16532085369766442,0.17594581296900225,0.11652735378538231,0.2312940471424283,0.49085833333333334,0.4839685774184462,0.4977480892482205,0.41653907599690554,0.5653748834451202,0.33265833333333333,0.32572268851993164,0.33959397814673503,0.25898020130976296,0.4100419821914227
S11,favourable,B_global_science,v-scaled|broad,31,8,67.8,15.8,20,0.7415083333333333,0.7353835670932379,0.7476330995734287,0.6730379589325767,0.8052719690895647,0.40563333333333335,0.3981494785271209,0.4131171881395458,0.32443799086718483,0.48909448767673297,0.19544166666666668,0.18591568209728004,0.20496765123605332,0.096815536871077,0.31440920529163985,0.4522333333333333,0.4439296818262768,0.46053698484038985,0.36045832932126765,0.5454459212551761,0.6633083333333334,0.6566718845901219,0.6699447820765448,0.5899441447829499,0.7334453482439858,0.29158333333333336,0.2828427661788507,0.30032390048781604,0.19745874997989452,0.39419945786059374,0.6771583333333333,0.6699098229097571,0.6844068437569095,0.5950705765387128,0.7548185595421528,0.41525833333333334,0.40707329886171945,0.42344336780494723,0.32523543193112436,0.5077260214548692
S11,favourable,B_global_science,wide|cool,31,8,67.8,15.8,20,0.5075583333333333,0.5009099205535199,0.5142067461131468,0.4362116401040549,0.5788062316058755,0.22051666666666667,0.21543891676843083,0.2255944165649025,0.16970062962587076,0.27520429865363094,0.07885,0.0746071617437131,0.08309283825628691,0.03783400918585942,0.1307648479310937,0.24026666666666666,0.23456344408316507,0.24596988925016824,0.18195027896388186,0.3030634133907591,0.37404166666666666,0.36786889805381146,0.38021443527952187,0.3093833108675741,0.4406485990375741,0.12855,0.12349936163246684,0.13360063836753316,0.07799308392574493,0.18770373266110665,0.42840833333333334,0.42140462866960354,0.43541203799706313,0.35336770103540477,0.5049610077874058,0.3035833333333333,0.2971299915772097,0.3100366750894569,0.2357694270916491,0.3752626265922761
S11,favourable,B_global_science,wide|narrow,31,8,67.8,15.8,20,0.5661916666666666,0.5598586613083687,0.5725246720249646,0.4983449159177699,0.633019327378574,0.27218333333333333,0.26658578728110544,0.27778087938556123,0.21501766647217588,0.3327573094415849,0.113,0.1072399152985631,0.11876008470143691,0.05544107404184059,0.1846113533089189,0.2996916666666667,0.2935472554511497,0.3058360778821837,0.23582384748121488,0.36708990484403126,0.44295,0.4369240850050369,0.44897591499496314,0.3801616954930938,0.5065160503551105,0.16896666666666665,0.1635125892076375,0.1744207441256958,0.11329507947302073,0.23171826116759056,0.4886583333333333,0.4820195732542603,0.4952970934124063,0.41764659224868517,0.5598866620284242,0.33393333333333336,0.32716822027654463,0.3406984463901221,0.2619954506871456,0.4093079720956971
S11,favourable,C_public_participation,wide|broad,40,16,17.8,10.4,20,0.5124166666666666,0.5063125910174804,0.5185207423158529,0.4482798627409469,0.576379691279015,0.30205,0.2976492534080949,0.3064507465919051,0.26055735340399283,0.3449461255824204,0.11685833333333333,0.1110033664291646,0.12271330023750206,0.058428478154046413,0.18912407581243773,0.3216583333333333,0.3166813211298083,0.32663534553685836,0.27246784744365193,0.37257074044453664,0.35610833333333336,0.3502905265687072,0.36192614009795954,0.2961287449257329,0.4180659208252219,0.19465833333333332,0.18937608326504618,0.19994058340162046,0.14057941473590474,0.25407066412389473,0.36898333333333333,0.3611962536279265,0.37677041303874015,0.2847589970255275,0.4568363481398921,0.40355833333333335,0.397598635041915,0.4095180316247517,0.3418791264601036,0.46657405683534586
S11,favourable,C_public_participation,v-scaled|broad,40,16,17.8,10.4,20,0.7519583333333333,0.7465720311781145,0.757344635488552,0.6934493684409544,0.806774732451137,0.5083333333333333,0.5018838878046833,0.5147827788619833,0.439614277530306,0.5769019278388419,0.19544166666666668,0.18591568209728004,0.20496765123605332,0.096815536871077,0.31440920529163985,0.5384666666666666,0.5313561244762058,0.5455772088571275,0.46076904035074745,0.615372658014472,0.5672083333333333,0.560001476558313,0.5744151901083536,0.4878508146732446,0.645109575313513,0.33269166666666666,0.3242113279425985,0.34117200539073483,0.24069866109269264,0.4305912816347122,0.4946583333333333,0.4854919513880368,0.5038247152786298,0.3914200276982263,0.5982441498870388,0.5890083333333334,0.5826143720194341,0.5954022946472326,0.5203170548911392,0.6562163017641398
S11,favourable,C_public_participation,wide|cool,40,16,17.8,10.4,20,0.40818333333333334,0.40137645171690767,0.414990214949759,0.3357327540671934,0.4824380329469389,0.18134166666666668,0.17729123448901013,0.18539209884432323,0.14210931825350603,0.22357971028296197,0.07885,0.0746071617437131,0.08309283825628691,0.03783400918585942,0.1307648479310937,0.20164166666666666,0.1969185066394542,0.20636482669387912,0.15428536731801998,0.2528041705414452,0.26195833333333335,0.25574940186124206,0.26816726480542463,0.19740891642868,0.3312409403477565,0.1361,0.1310463827917251,0.1411536172082749,0.08515590260082,0.19507448977725192,0.3344,0.326721472330782,0.3420785276692179,0.2523447589802114,0.42113741265368937,0.309,0.30287451576453517,0.3151254842354648,0.2452432643604092,0.37602556424472505
S11,favourable,C_public_participation,wide|narrow,40,16,17.8,10.4,20,0.5056,0.4996242461039242,0.5115757538960759,0.4432484925467919,0.5678778817258459,0.2874833333333333,0.2832441871641809,0.2917224795024857,0.24810232119633208,0.3282664275500142,0.113,0.1072399152985631,0.11876008470143691,0.05544107404184059,0.1846113533089189,0.30905,0.3042036155063835,0.3138963844936165,0.2615640759065494,0.35830030880132263,0.347975,0.3426576614870285,0.3532923385129715,0.29458292914670103,0.4030376679820505,0.18968333333333334,0.1844259579786222,0.19494070868804447,0.13634322986907854,0.24844447774800285,0.3693166666666667,0.3616050678526718,0.37702826548066154,0.28588424630339865,0.456275367625963,0.395325,0.3894687272159918,0.40118127278400817,0.33481071591809175,0.4572126755762054
