launch,launch_date,phase_case,loi_date,science_start,science_months,impact_date,impact_istanbul_note,n_evening_windows_pm15d,best_window,in_LRO_low_sun_window
L1,2027-04-15,min,2027-05-30,2027-06-18,3,2027-09-20,date only; hour set by the pass,0,none (summer: low evening crescent),False
L1,2027-04-15,min,2027-05-30,2027-06-18,6,2027-12-20,date only; hour set by the pass,4,2028-01-04 18:59 UTC,True
L1,2027-04-15,min,2027-05-30,2027-06-18,12,2028-06-20,date only; hour set by the pass,0,none (summer: low evening crescent),False
L1,2027-04-15,min,2027-05-30,2027-06-18,18,2028-12-19,date only; hour set by the pass,4,2028-12-23 18:59 UTC,False
L1,2027-04-15,nominal,2027-06-14,2027-07-15,3,2027-10-24,date only; hour set by the pass,2,2027-11-05 17:00 UTC,True
L1,2027-04-15,nominal,2027-06-14,2027-07-15,6,2028-01-23,date only; hour set by the pass,3,2028-02-02 18:59 UTC,False
L1,2027-04-15,nominal,2027-06-14,2027-07-15,12,2028-07-24,date only; hour set by the pass,0,none (summer: low evening crescent),False
L1,2027-04-15,nominal,2027-06-14,2027-07-15,18,2029-01-22,date only; hour set by the pass,4,2029-01-22 18:59 UTC,False
L1,2027-04-15,max,2027-07-04,2027-08-23,3,2027-12-12,date only; hour set by the pass,3,2027-12-05 15:59 UTC,True
L1,2027-04-15,max,2027-07-04,2027-08-23,6,2028-03-12,date only; hour set by the pass,4,2028-03-03 20:00 UTC,False
L1,2027-04-15,max,2027-07-04,2027-08-23,12,2028-09-11,date only; hour set by the pass,0,none (summer: low evening crescent),True
L1,2027-04-15,max,2027-07-04,2027-08-23,18,2029-03-12,date only; hour set by the pass,beyond computed domain,n/a (beyond domain),False
L2,2027-06-15,min,2027-07-30,2027-08-18,3,2027-11-20,date only; hour set by the pass,3,2027-12-05 15:59 UTC,True
L2,2027-06-15,min,2027-07-30,2027-08-18,6,2028-02-19,date only; hour set by the pass,4,2028-03-03 20:00 UTC,False
L2,2027-06-15,min,2027-07-30,2027-08-18,12,2028-08-20,date only; hour set by the pass,0,none (summer: low evening crescent),False
L2,2027-06-15,min,2027-07-30,2027-08-18,18,2029-02-18,date only; hour set by the pass,beyond computed domain,2029-02-20 20:00 UTC,False
L2,2027-06-15,nominal,2027-08-14,2027-09-14,3,2027-12-24,date only; hour set by the pass,4,2028-01-04 18:59 UTC,False
L2,2027-06-15,nominal,2027-08-14,2027-09-14,6,2028-03-24,date only; hour set by the pass,3,2028-04-01 18:00 UTC,False
L2,2027-06-15,nominal,2027-08-14,2027-09-14,12,2028-09-23,date only; hour set by the pass,0,none (summer: low evening crescent),True
L2,2027-06-15,nominal,2027-08-14,2027-09-14,18,2029-03-24,date only; hour set by the pass,beyond computed domain,n/a (beyond domain),False
L2,2027-06-15,max,2027-09-03,2027-10-23,3,2028-02-11,date only; hour set by the pass,3,2028-02-02 18:59 UTC,False
L2,2027-06-15,max,2027-09-03,2027-10-23,6,2028-05-12,date only; hour set by the pass,4,2028-05-01 18:59 UTC,True
L2,2027-06-15,max,2027-09-03,2027-10-23,12,2028-11-11,date only; hour set by the pass,3,2028-11-23 15:59 UTC,False
L2,2027-06-15,max,2027-09-03,2027-10-23,18,2029-05-12,date only; hour set by the pass,beyond computed domain,n/a (beyond domain),False
L3,2027-09-15,min,2027-10-30,2027-11-18,3,2028-02-20,date only; hour set by the pass,4,2028-03-03 20:00 UTC,False
L3,2027-09-15,min,2027-10-30,2027-11-18,6,2028-05-21,date only; hour set by the pass,2,2028-05-30 18:59 UTC,True
L3,2027-09-15,min,2027-10-30,2027-11-18,12,2028-11-20,date only; hour set by the pass,3,2028-11-23 15:59 UTC,False
L3,2027-09-15,min,2027-10-30,2027-11-18,18,2029-05-21,date only; hour set by the pass,beyond computed domain,n/a (beyond domain),False
L3,2027-09-15,nominal,2027-11-14,2027-12-15,3,2028-03-25,date only; hour set by the pass,3,2028-04-01 18:00 UTC,False
L3,2027-09-15,nominal,2027-11-14,2027-12-15,6,2028-06-24,date only; hour set by the pass,0,none (summer: low evening crescent),False
L3,2027-09-15,nominal,2027-11-14,2027-12-15,12,2028-12-24,date only; hour set by the pass,4,2028-12-23 18:59 UTC,False
L3,2027-09-15,nominal,2027-11-14,2027-12-15,18,2029-06-24,date only; hour set by the pass,beyond computed domain,n/a (beyond domain),False
L3,2027-09-15,max,2027-12-04,2028-01-23,3,2028-05-13,date only; hour set by the pass,3,2028-05-01 18:59 UTC,True
L3,2027-09-15,max,2027-12-04,2028-01-23,6,2028-08-12,date only; hour set by the pass,0,none (summer: low evening crescent),False
L3,2027-09-15,max,2027-12-04,2028-01-23,12,2029-02-11,date only; hour set by the pass,4,2029-02-20 20:00 UTC,False
L3,2027-09-15,max,2027-12-04,2028-01-23,18,2029-08-12,date only; hour set by the pass,beyond computed domain,n/a (beyond domain),False
L4,2027-12-15,min,2028-01-29,2028-02-17,3,2028-05-21,date only; hour set by the pass,2,2028-05-30 18:59 UTC,True
L4,2027-12-15,min,2028-01-29,2028-02-17,6,2028-08-20,date only; hour set by the pass,0,none (summer: low evening crescent),False
L4,2027-12-15,min,2028-01-29,2028-02-17,12,2029-02-19,date only; hour set by the pass,beyond computed domain,2029-02-20 20:00 UTC,False
L4,2027-12-15,min,2028-01-29,2028-02-17,18,2029-08-20,date only; hour set by the pass,beyond computed domain,n/a (beyond domain),False
L4,2027-12-15,nominal,2028-02-13,2028-03-15,3,2028-06-24,date only; hour set by the pass,0,none (summer: low evening crescent),False
L4,2027-12-15,nominal,2028-02-13,2028-03-15,6,2028-09-23,date only; hour set by the pass,0,none (summer: low evening crescent),True
L4,2027-12-15,nominal,2028-02-13,2028-03-15,12,2029-03-25,date only; hour set by the pass,beyond computed domain,n/a (beyond domain),False
L4,2027-12-15,nominal,2028-02-13,2028-03-15,18,2029-09-23,date only; hour set by the pass,beyond computed domain,n/a (beyond domain),False
L4,2027-12-15,max,2028-03-04,2028-04-23,3,2028-08-12,date only; hour set by the pass,0,none (summer: low evening crescent),False
L4,2027-12-15,max,2028-03-04,2028-04-23,6,2028-11-11,date only; hour set by the pass,3,2028-11-23 15:59 UTC,False
L4,2027-12-15,max,2028-03-04,2028-04-23,12,2029-05-13,date only; hour set by the pass,beyond computed domain,n/a (beyond domain),False
L4,2027-12-15,max,2028-03-04,2028-04-23,18,2029-11-11,date only; hour set by the pass,beyond computed domain,n/a (beyond domain),False
L5,2028-04-15,min,2028-05-30,2028-06-18,3,2028-09-20,date only; hour set by the pass,0,none (summer: low evening crescent),True
L5,2028-04-15,min,2028-05-30,2028-06-18,6,2028-12-20,date only; hour set by the pass,4,2028-12-23 18:59 UTC,False
L5,2028-04-15,min,2028-05-30,2028-06-18,12,2029-06-21,date only; hour set by the pass,beyond computed domain,n/a (beyond domain),False
L5,2028-04-15,min,2028-05-30,2028-06-18,18,2029-12-20,date only; hour set by the pass,beyond computed domain,n/a (beyond domain),False
L5,2028-04-15,nominal,2028-06-14,2028-07-15,3,2028-10-24,date only; hour set by the pass,1,2028-10-24 17:00 UTC,True
L5,2028-04-15,nominal,2028-06-14,2028-07-15,6,2029-01-23,date only; hour set by the pass,4,2029-01-22 18:59 UTC,False
L5,2028-04-15,nominal,2028-06-14,2028-07-15,12,2029-07-25,date only; hour set by the pass,beyond computed domain,n/a (beyond domain),False
L5,2028-04-15,nominal,2028-06-14,2028-07-15,18,2030-01-23,date only; hour set by the pass,beyond computed domain,n/a (beyond domain),False
L5,2028-04-15,max,2028-07-04,2028-08-23,3,2028-12-12,date only; hour set by the pass,4,2028-12-23 18:59 UTC,False
L5,2028-04-15,max,2028-07-04,2028-08-23,6,2029-03-13,date only; hour set by the pass,beyond computed domain,n/a (beyond domain),False
L5,2028-04-15,max,2028-07-04,2028-08-23,12,2029-09-12,date only; hour set by the pass,beyond computed domain,n/a (beyond domain),False
L5,2028-04-15,max,2028-07-04,2028-08-23,18,2030-03-13,date only; hour set by the pass,beyond computed domain,n/a (beyond domain),False
