launch,science_months,window_opens,family_set,cls,delta,p_14d,p_30d,p_60d
L0,3,2027-08-16,main,A_turkiye_evening_public,0.6,0.0,0.13541666666666666,0.3229166666666667
L0,3,2027-08-16,main,A_turkiye_evening_public,2.5,0.0,0.1423611111111111,0.3402777777777778
L0,3,2027-08-16,main,B_global_science,0.6,0.6354166666666666,1.0,1.0
L0,3,2027-08-16,main,B_global_science,2.5,0.6493055555555556,1.0,1.0
L0,3,2027-08-16,main,C_any_turkish,0.6,0.65625,0.9097222222222222,1.0
L0,3,2027-08-16,main,C_any_turkish,2.5,0.6597222222222222,0.9305555555555556,1.0
L0,3,2027-08-16,main,P_plume_global,0.6,0.08333333333333333,0.1111111111111111,0.2222222222222222
L0,3,2027-08-16,main,P_plume_global,2.5,0.1388888888888889,0.1388888888888889,0.3055555555555556
L0,3,2027-08-16,incl88_j2,A_turkiye_evening_public,0.6,0.0,0.1388888888888889,0.3333333333333333
L0,3,2027-08-16,incl88_j2,A_turkiye_evening_public,2.5,0.0,0.14583333333333334,0.3402777777777778
L0,3,2027-08-16,incl88_j2,B_global_science,0.6,0.6388888888888888,1.0,1.0
L0,3,2027-08-16,incl88_j2,B_global_science,2.5,0.6944444444444444,1.0,1.0
L0,3,2027-08-16,incl88_j2,C_any_turkish,0.6,0.6597222222222222,0.9236111111111112,1.0
L0,3,2027-08-16,incl88_j2,C_any_turkish,2.5,0.7152777777777778,0.9583333333333334,1.0
L0,3,2027-08-16,incl88_j2,P_plume_global,0.6,0.14930555555555555,0.14930555555555555,0.2881944444444444
L0,3,2027-08-16,incl88_j2,P_plume_global,2.5,0.16666666666666666,0.16666666666666666,0.3333333333333333
L0,6,2027-11-15,main,A_turkiye_evening_public,0.6,0.0,0.5277777777777778,0.6944444444444444
L0,6,2027-11-15,main,A_turkiye_evening_public,2.5,0.0,0.5659722222222222,0.7361111111111112
L0,6,2027-11-15,main,B_global_science,0.6,0.5729166666666666,1.0,1.0
L0,6,2027-11-15,main,B_global_science,2.5,0.5833333333333334,1.0,1.0
L0,6,2027-11-15,main,C_any_turkish,0.6,0.5555555555555556,0.9965277777777778,1.0
L0,6,2027-11-15,main,C_any_turkish,2.5,0.5833333333333334,1.0,1.0
L0,6,2027-11-15,main,P_plume_global,0.6,0.1111111111111111,0.1111111111111111,0.2222222222222222
L0,6,2027-11-15,main,P_plume_global,2.5,0.1597222222222222,0.16666666666666666,0.3333333333333333
L0,6,2027-11-15,incl88_j2,A_turkiye_evening_public,0.6,0.0,0.5277777777777778,0.7152777777777778
L0,6,2027-11-15,incl88_j2,A_turkiye_evening_public,2.5,0.0,0.5625,0.7569444444444444
L0,6,2027-11-15,incl88_j2,B_global_science,0.6,0.5555555555555556,1.0,1.0
L0,6,2027-11-15,incl88_j2,B_global_science,2.5,0.5833333333333334,1.0,1.0
L0,6,2027-11-15,incl88_j2,C_any_turkish,0.6,0.5555555555555556,1.0,1.0
L0,6,2027-11-15,incl88_j2,C_any_turkish,2.5,0.5833333333333334,1.0,1.0
L0,6,2027-11-15,incl88_j2,P_plume_global,0.6,0.1111111111111111,0.1388888888888889,0.2777777777777778
L0,6,2027-11-15,incl88_j2,P_plume_global,2.5,0.16666666666666666,0.16666666666666666,0.3333333333333333
L0,12,2028-05-16,main,A_turkiye_evening_public,0.6,0.46875,0.46875,0.6076388888888888
L0,12,2028-05-16,main,A_turkiye_evening_public,2.5,0.5138888888888888,0.5173611111111112,0.6388888888888888
L0,12,2028-05-16,main,B_global_science,0.6,0.9965277777777778,0.9965277777777778,1.0
L0,12,2028-05-16,main,B_global_science,2.5,1.0,1.0,1.0
L0,12,2028-05-16,main,C_any_turkish,0.6,0.9583333333333334,0.9722222222222222,1.0
L0,12,2028-05-16,main,C_any_turkish,2.5,0.9756944444444444,0.9895833333333334,1.0
L0,12,2028-05-16,main,P_plume_global,0.6,0.1111111111111111,0.19444444444444445,0.3055555555555556
L0,12,2028-05-16,main,P_plume_global,2.5,0.1388888888888889,0.2777777777777778,0.4236111111111111
L0,12,2028-05-16,incl88_j2,A_turkiye_evening_public,0.6,0.4791666666666667,0.5069444444444444,0.6215277777777778
L0,12,2028-05-16,incl88_j2,A_turkiye_evening_public,2.5,0.5347222222222222,0.5347222222222222,0.6666666666666666
L0,12,2028-05-16,incl88_j2,B_global_science,0.6,1.0,1.0,1.0
L0,12,2028-05-16,incl88_j2,B_global_science,2.5,1.0,1.0,1.0
L0,12,2028-05-16,incl88_j2,C_any_turkish,0.6,0.9618055555555556,0.9861111111111112,1.0
L0,12,2028-05-16,incl88_j2,C_any_turkish,2.5,0.9930555555555556,1.0,1.0
L0,12,2028-05-16,incl88_j2,P_plume_global,0.6,0.1111111111111111,0.2222222222222222,0.3333333333333333
L0,12,2028-05-16,incl88_j2,P_plume_global,2.5,0.16666666666666666,0.2777777777777778,0.4444444444444444
L0,18,2028-11-14,main,A_turkiye_evening_public,0.6,0.5520833333333334,0.5520833333333334,0.71875
L0,18,2028-11-14,main,A_turkiye_evening_public,2.5,0.5590277777777778,0.5590277777777778,0.7256944444444444
L0,18,2028-11-14,main,B_global_science,0.6,0.6145833333333334,0.9166666666666666,1.0
L0,18,2028-11-14,main,B_global_science,2.5,0.6631944444444444,0.9444444444444444,1.0
L0,18,2028-11-14,main,C_any_turkish,0.6,0.5868055555555556,0.9166666666666666,1.0
L0,18,2028-11-14,main,C_any_turkish,2.5,0.625,0.9409722222222222,1.0
L0,18,2028-11-14,main,P_plume_global,0.6,0.1111111111111111,0.2152777777777778,0.3055555555555556
L0,18,2028-11-14,main,P_plume_global,2.5,0.16666666666666666,0.3055555555555556,0.4513888888888889
L0,18,2028-11-14,incl88_j2,A_turkiye_evening_public,0.6,0.5763888888888888,0.5763888888888888,0.7430555555555556
L0,18,2028-11-14,incl88_j2,A_turkiye_evening_public,2.5,0.5833333333333334,0.5833333333333334,0.75
L0,18,2028-11-14,incl88_j2,B_global_science,0.6,0.6354166666666666,0.9444444444444444,1.0
L0,18,2028-11-14,incl88_j2,B_global_science,2.5,0.6458333333333334,0.9444444444444444,1.0
L0,18,2028-11-14,incl88_j2,C_any_turkish,0.6,0.6041666666666666,0.9444444444444444,1.0
L0,18,2028-11-14,incl88_j2,C_any_turkish,2.5,0.625,0.9444444444444444,1.0
L0,18,2028-11-14,incl88_j2,P_plume_global,0.6,0.1111111111111111,0.2222222222222222,0.3333333333333333
L0,18,2028-11-14,incl88_j2,P_plume_global,2.5,0.16666666666666666,0.3055555555555556,0.46875
L1,3,2027-10-14,main,A_turkiye_evening_public,0.6,0.0,0.4756944444444444,0.6423611111111112
L1,3,2027-10-14,main,A_turkiye_evening_public,2.5,0.0,0.5104166666666666,0.6840277777777778
L1,3,2027-10-14,main,B_global_science,0.6,0.6111111111111112,1.0,1.0
L1,3,2027-10-14,main,B_global_science,2.5,0.6284722222222222,1.0,1.0
L1,3,2027-10-14,main,C_any_turkish,0.6,0.6076388888888888,0.9826388888888888,1.0
L1,3,2027-10-14,main,C_any_turkish,2.5,0.6111111111111112,1.0,1.0
L1,3,2027-10-14,main,P_plume_global,0.6,0.1111111111111111,0.1111111111111111,0.2222222222222222
L1,3,2027-10-14,main,P_plume_global,2.5,0.16666666666666666,0.16666666666666666,0.3333333333333333
L1,3,2027-10-14,incl88_j2,A_turkiye_evening_public,0.6,0.0,0.4722222222222222,0.6388888888888888
L1,3,2027-10-14,incl88_j2,A_turkiye_evening_public,2.5,0.0,0.4826388888888889,0.6736111111111112
L1,3,2027-10-14,incl88_j2,B_global_science,0.6,0.6388888888888888,1.0,1.0
L1,3,2027-10-14,incl88_j2,B_global_science,2.5,0.6631944444444444,1.0,1.0
L1,3,2027-10-14,incl88_j2,C_any_turkish,0.6,0.6076388888888888,1.0,1.0
L1,3,2027-10-14,incl88_j2,C_any_turkish,2.5,0.6388888888888888,1.0,1.0
L1,3,2027-10-14,incl88_j2,P_plume_global,0.6,0.11458333333333333,0.11458333333333333,0.2534722222222222
L1,3,2027-10-14,incl88_j2,P_plume_global,2.5,0.16666666666666666,0.16666666666666666,0.3333333333333333
L1,6,2028-01-13,main,A_turkiye_evening_public,0.6,0.0,0.5625,0.7291666666666666
L1,6,2028-01-13,main,A_turkiye_evening_public,2.5,0.0,0.5972222222222222,0.7569444444444444
L1,6,2028-01-13,main,B_global_science,0.6,0.5555555555555556,1.0,1.0
L1,6,2028-01-13,main,B_global_science,2.5,0.5729166666666666,1.0,1.0
L1,6,2028-01-13,main,C_any_turkish,0.6,0.4583333333333333,0.9652777777777778,1.0
L1,6,2028-01-13,main,C_any_turkish,2.5,0.4895833333333333,0.9895833333333334,1.0
L1,6,2028-01-13,main,P_plume_global,0.6,0.08680555555555555,0.1111111111111111,0.2222222222222222
L1,6,2028-01-13,main,P_plume_global,2.5,0.1388888888888889,0.15625,0.3229166666666667
L1,6,2028-01-13,incl88_j2,A_turkiye_evening_public,0.6,0.0,0.5972222222222222,0.7638888888888888
L1,6,2028-01-13,incl88_j2,A_turkiye_evening_public,2.5,0.0,0.5972222222222222,0.7638888888888888
L1,6,2028-01-13,incl88_j2,B_global_science,0.6,0.5416666666666666,1.0,1.0
L1,6,2028-01-13,incl88_j2,B_global_science,2.5,0.5694444444444444,1.0,1.0
L1,6,2028-01-13,incl88_j2,C_any_turkish,0.6,0.4722222222222222,0.9722222222222222,1.0
L1,6,2028-01-13,incl88_j2,C_any_turkish,2.5,0.4861111111111111,0.9861111111111112,1.0
L1,6,2028-01-13,incl88_j2,P_plume_global,0.6,0.12152777777777778,0.12152777777777778,0.2326388888888889
L1,6,2028-01-13,incl88_j2,P_plume_global,2.5,0.16666666666666666,0.18055555555555555,0.3611111111111111
L1,12,2028-07-14,main,A_turkiye_evening_public,0.6,0.0,0.0,0.0
L1,12,2028-07-14,main,A_turkiye_evening_public,2.5,0.0,0.0,0.0
L1,12,2028-07-14,main,B_global_science,0.6,1.0,1.0,1.0
L1,12,2028-07-14,main,B_global_science,2.5,1.0,1.0,1.0
L1,12,2028-07-14,main,C_any_turkish,0.6,0.625,0.9097222222222222,1.0
L1,12,2028-07-14,main,C_any_turkish,2.5,0.6736111111111112,0.9479166666666666,1.0
L1,12,2028-07-14,main,P_plume_global,0.6,0.09027777777777778,0.1527777777777778,0.2986111111111111
L1,12,2028-07-14,main,P_plume_global,2.5,0.1388888888888889,0.25,0.4270833333333333
L1,12,2028-07-14,incl88_j2,A_turkiye_evening_public,0.6,0.0,0.0,0.0
L1,12,2028-07-14,incl88_j2,A_turkiye_evening_public,2.5,0.0,0.0,0.0
L1,12,2028-07-14,incl88_j2,B_global_science,0.6,1.0,1.0,1.0
L1,12,2028-07-14,incl88_j2,B_global_science,2.5,1.0,1.0,1.0
L1,12,2028-07-14,incl88_j2,C_any_turkish,0.6,0.6527777777777778,0.9097222222222222,1.0
L1,12,2028-07-14,incl88_j2,C_any_turkish,2.5,0.6736111111111112,0.9305555555555556,1.0
L1,12,2028-07-14,incl88_j2,P_plume_global,0.6,0.1111111111111111,0.2222222222222222,0.3333333333333333
L1,12,2028-07-14,incl88_j2,P_plume_global,2.5,0.1875,0.3333333333333333,0.4826388888888889
L1,18,2029-01-12,main,A_turkiye_evening_public,0.6,0.5902777777777778,0.5902777777777778,
L1,18,2029-01-12,main,A_turkiye_evening_public,2.5,0.6041666666666666,0.6041666666666666,
L1,18,2029-01-12,main,B_global_science,0.6,0.6111111111111112,0.9166666666666666,
L1,18,2029-01-12,main,B_global_science,2.5,0.6527777777777778,0.9444444444444444,
L1,18,2029-01-12,main,C_any_turkish,0.6,0.6111111111111112,0.9166666666666666,
L1,18,2029-01-12,main,C_any_turkish,2.5,0.6527777777777778,0.9444444444444444,
L1,18,2029-01-12,main,P_plume_global,0.6,0.1111111111111111,0.19791666666666666,
L1,18,2029-01-12,main,P_plume_global,2.5,0.1388888888888889,0.2777777777777778,
L1,18,2029-01-12,incl88_j2,A_turkiye_evening_public,0.6,0.5972222222222222,0.5972222222222222,
L1,18,2029-01-12,incl88_j2,A_turkiye_evening_public,2.5,0.625,0.625,
L1,18,2029-01-12,incl88_j2,B_global_science,0.6,0.6111111111111112,0.9444444444444444,
L1,18,2029-01-12,incl88_j2,B_global_science,2.5,0.6597222222222222,0.9444444444444444,
L1,18,2029-01-12,incl88_j2,C_any_turkish,0.6,0.6111111111111112,0.9444444444444444,
L1,18,2029-01-12,incl88_j2,C_any_turkish,2.5,0.6597222222222222,0.9444444444444444,
L1,18,2029-01-12,incl88_j2,P_plume_global,0.6,0.12152777777777778,0.2361111111111111,
L1,18,2029-01-12,incl88_j2,P_plume_global,2.5,0.16666666666666666,0.3333333333333333,
L2,3,2027-12-14,main,A_turkiye_evening_public,0.6,0.0,0.5694444444444444,0.7361111111111112
L2,3,2027-12-14,main,A_turkiye_evening_public,2.5,0.0,0.6111111111111112,0.7777777777777778
L2,3,2027-12-14,main,B_global_science,0.6,0.5277777777777778,0.9965277777777778,1.0
L2,3,2027-12-14,main,B_global_science,2.5,0.5486111111111112,1.0,1.0
L2,3,2027-12-14,main,C_any_turkish,0.6,0.5277777777777778,0.9965277777777778,1.0
L2,3,2027-12-14,main,C_any_turkish,2.5,0.5277777777777778,1.0,1.0
L2,3,2027-12-14,main,P_plume_global,0.6,0.1076388888888889,0.1111111111111111,0.2222222222222222
L2,3,2027-12-14,main,P_plume_global,2.5,0.1388888888888889,0.16666666666666666,0.3229166666666667
L2,3,2027-12-14,incl88_j2,A_turkiye_evening_public,0.6,0.0,0.5972222222222222,0.7986111111111112
L2,3,2027-12-14,incl88_j2,A_turkiye_evening_public,2.5,0.0,0.6388888888888888,0.8055555555555556
L2,3,2027-12-14,incl88_j2,B_global_science,0.6,0.5138888888888888,1.0,1.0
L2,3,2027-12-14,incl88_j2,B_global_science,2.5,0.5833333333333334,1.0,1.0
L2,3,2027-12-14,incl88_j2,C_any_turkish,0.6,0.5,1.0,1.0
L2,3,2027-12-14,incl88_j2,C_any_turkish,2.5,0.5798611111111112,1.0,1.0
L2,3,2027-12-14,incl88_j2,P_plume_global,0.6,0.1388888888888889,0.1388888888888889,0.2604166666666667
L2,3,2027-12-14,incl88_j2,P_plume_global,2.5,0.16666666666666666,0.16666666666666666,0.3472222222222222
L2,6,2028-03-14,main,A_turkiye_evening_public,0.6,0.0,0.5625,0.7291666666666666
L2,6,2028-03-14,main,A_turkiye_evening_public,2.5,0.0,0.6076388888888888,0.7465277777777778
L2,6,2028-03-14,main,B_global_science,0.6,0.5972222222222222,1.0,1.0
L2,6,2028-03-14,main,B_global_science,2.5,0.5972222222222222,1.0,1.0
L2,6,2028-03-14,main,C_any_turkish,0.6,0.3368055555555556,0.8368055555555556,1.0
L2,6,2028-03-14,main,C_any_turkish,2.5,0.3576388888888889,0.8854166666666666,1.0
L2,6,2028-03-14,main,P_plume_global,0.6,0.10416666666666667,0.1111111111111111,0.25
L2,6,2028-03-14,main,P_plume_global,2.5,0.1388888888888889,0.16666666666666666,0.3229166666666667
L2,6,2028-03-14,incl88_j2,A_turkiye_evening_public,0.6,0.0,0.5902777777777778,0.7569444444444444
L2,6,2028-03-14,incl88_j2,A_turkiye_evening_public,2.5,0.0,0.5902777777777778,0.7569444444444444
L2,6,2028-03-14,incl88_j2,B_global_science,0.6,0.5972222222222222,1.0,1.0
L2,6,2028-03-14,incl88_j2,B_global_science,2.5,0.6145833333333334,1.0,1.0
L2,6,2028-03-14,incl88_j2,C_any_turkish,0.6,0.3541666666666667,0.8541666666666666,1.0
L2,6,2028-03-14,incl88_j2,C_any_turkish,2.5,0.3611111111111111,0.8611111111111112,1.0
L2,6,2028-03-14,incl88_j2,P_plume_global,0.6,0.1111111111111111,0.11805555555555555,0.23958333333333334
L2,6,2028-03-14,incl88_j2,P_plume_global,2.5,0.16666666666666666,0.16666666666666666,0.3055555555555556
L2,12,2028-09-13,main,A_turkiye_evening_public,0.6,0.2152777777777778,0.2152777777777778,0.5347222222222222
L2,12,2028-09-13,main,A_turkiye_evening_public,2.5,0.2222222222222222,0.2222222222222222,0.5555555555555556
L2,12,2028-09-13,main,B_global_science,0.6,1.0,1.0,1.0
L2,12,2028-09-13,main,B_global_science,2.5,1.0,1.0,1.0
L2,12,2028-09-13,main,C_any_turkish,0.6,0.9722222222222222,0.9861111111111112,1.0
L2,12,2028-09-13,main,C_any_turkish,2.5,0.9895833333333334,0.9965277777777778,1.0
L2,12,2028-09-13,main,P_plume_global,0.6,0.1111111111111111,0.2222222222222222,0.3333333333333333
L2,12,2028-09-13,main,P_plume_global,2.5,0.16319444444444445,0.3125,0.4861111111111111
L2,12,2028-09-13,incl88_j2,A_turkiye_evening_public,0.6,0.21180555555555555,0.21180555555555555,0.5416666666666666
L2,12,2028-09-13,incl88_j2,A_turkiye_evening_public,2.5,0.2326388888888889,0.2326388888888889,0.5868055555555556
L2,12,2028-09-13,incl88_j2,B_global_science,0.6,1.0,1.0,1.0
L2,12,2028-09-13,incl88_j2,B_global_science,2.5,1.0,1.0,1.0
L2,12,2028-09-13,incl88_j2,C_any_turkish,0.6,0.9652777777777778,0.9791666666666666,1.0
L2,12,2028-09-13,incl88_j2,C_any_turkish,2.5,0.9826388888888888,0.9930555555555556,1.0
L2,12,2028-09-13,incl88_j2,P_plume_global,0.6,0.1111111111111111,0.2326388888888889,0.3472222222222222
L2,12,2028-09-13,incl88_j2,P_plume_global,2.5,0.1736111111111111,0.2986111111111111,0.4583333333333333
L2,18,2029-03-14,main,A_turkiye_evening_public,0.6,,,
L2,18,2029-03-14,main,A_turkiye_evening_public,2.5,,,
L2,18,2029-03-14,main,B_global_science,0.6,,,
L2,18,2029-03-14,main,B_global_science,2.5,,,
L2,18,2029-03-14,main,C_any_turkish,0.6,,,
L2,18,2029-03-14,main,C_any_turkish,2.5,,,
L2,18,2029-03-14,main,P_plume_global,0.6,,,
L2,18,2029-03-14,main,P_plume_global,2.5,,,
L2,18,2029-03-14,incl88_j2,A_turkiye_evening_public,0.6,,,
L2,18,2029-03-14,incl88_j2,A_turkiye_evening_public,2.5,,,
L2,18,2029-03-14,incl88_j2,B_global_science,0.6,,,
L2,18,2029-03-14,incl88_j2,B_global_science,2.5,,,
L2,18,2029-03-14,incl88_j2,C_any_turkish,0.6,,,
L2,18,2029-03-14,incl88_j2,C_any_turkish,2.5,,,
L2,18,2029-03-14,incl88_j2,P_plume_global,0.6,,,
L2,18,2029-03-14,incl88_j2,P_plume_global,2.5,,,
L3,3,2028-03-15,main,A_turkiye_evening_public,0.6,0.0,0.5625,0.7291666666666666
L3,3,2028-03-15,main,A_turkiye_evening_public,2.5,0.0,0.6076388888888888,0.7465277777777778
L3,3,2028-03-15,main,B_global_science,0.6,0.5972222222222222,1.0,1.0
L3,3,2028-03-15,main,B_global_science,2.5,0.5972222222222222,1.0,1.0
L3,3,2028-03-15,main,C_any_turkish,0.6,0.3368055555555556,0.8368055555555556,1.0
L3,3,2028-03-15,main,C_any_turkish,2.5,0.3576388888888889,0.8854166666666666,1.0
L3,3,2028-03-15,main,P_plume_global,0.6,0.10416666666666667,0.1111111111111111,0.25
L3,3,2028-03-15,main,P_plume_global,2.5,0.1388888888888889,0.16666666666666666,0.3229166666666667
L3,3,2028-03-15,incl88_j2,A_turkiye_evening_public,0.6,0.0,0.5902777777777778,0.7569444444444444
L3,3,2028-03-15,incl88_j2,A_turkiye_evening_public,2.5,0.0,0.5902777777777778,0.7569444444444444
L3,3,2028-03-15,incl88_j2,B_global_science,0.6,0.5972222222222222,1.0,1.0
L3,3,2028-03-15,incl88_j2,B_global_science,2.5,0.6145833333333334,1.0,1.0
L3,3,2028-03-15,incl88_j2,C_any_turkish,0.6,0.3541666666666667,0.8541666666666666,1.0
L3,3,2028-03-15,incl88_j2,C_any_turkish,2.5,0.3611111111111111,0.8611111111111112,1.0
L3,3,2028-03-15,incl88_j2,P_plume_global,0.6,0.1111111111111111,0.11805555555555555,0.23958333333333334
L3,3,2028-03-15,incl88_j2,P_plume_global,2.5,0.16666666666666666,0.16666666666666666,0.3055555555555556
L3,6,2028-06-14,main,A_turkiye_evening_public,0.6,0.1701388888888889,0.3645833333333333,0.3645833333333333
L3,6,2028-06-14,main,A_turkiye_evening_public,2.5,0.17708333333333334,0.3854166666666667,0.3854166666666667
L3,6,2028-06-14,main,B_global_science,0.6,1.0,1.0,1.0
L3,6,2028-06-14,main,B_global_science,2.5,1.0,1.0,1.0
L3,6,2028-06-14,main,C_any_turkish,0.6,0.7569444444444444,0.9236111111111112,1.0
L3,6,2028-06-14,main,C_any_turkish,2.5,0.78125,0.9479166666666666,1.0
L3,6,2028-06-14,main,P_plume_global,0.6,0.1111111111111111,0.19444444444444445,0.2743055555555556
L3,6,2028-06-14,main,P_plume_global,2.5,0.14583333333333334,0.2708333333333333,0.3958333333333333
L3,6,2028-06-14,incl88_j2,A_turkiye_evening_public,0.6,0.1701388888888889,0.3715277777777778,0.3715277777777778
L3,6,2028-06-14,incl88_j2,A_turkiye_evening_public,2.5,0.1736111111111111,0.3958333333333333,0.3958333333333333
L3,6,2028-06-14,incl88_j2,B_global_science,0.6,1.0,1.0,1.0
L3,6,2028-06-14,incl88_j2,B_global_science,2.5,1.0,1.0,1.0
L3,6,2028-06-14,incl88_j2,C_any_turkish,0.6,0.75,0.9166666666666666,1.0
L3,6,2028-06-14,incl88_j2,C_any_turkish,2.5,0.7951388888888888,0.9618055555555556,1.0
L3,6,2028-06-14,incl88_j2,P_plume_global,0.6,0.1111111111111111,0.2222222222222222,0.3333333333333333
L3,6,2028-06-14,incl88_j2,P_plume_global,2.5,0.15625,0.3055555555555556,0.4722222222222222
L3,12,2028-12-14,main,A_turkiye_evening_public,0.6,0.5972222222222222,0.5972222222222222,0.7638888888888888
L3,12,2028-12-14,main,A_turkiye_evening_public,2.5,0.6180555555555556,0.6180555555555556,0.7847222222222222
L3,12,2028-12-14,main,B_global_science,0.6,0.6076388888888888,0.9166666666666666,1.0
L3,12,2028-12-14,main,B_global_science,2.5,0.6458333333333334,0.9444444444444444,1.0
L3,12,2028-12-14,main,C_any_turkish,0.6,0.6388888888888888,0.9166666666666666,1.0
L3,12,2028-12-14,main,C_any_turkish,2.5,0.6875,0.9444444444444444,1.0
L3,12,2028-12-14,main,P_plume_global,0.6,0.1111111111111111,0.19444444444444445,0.3090277777777778
L3,12,2028-12-14,main,P_plume_global,2.5,0.14583333333333334,0.2847222222222222,0.4236111111111111
L3,12,2028-12-14,incl88_j2,A_turkiye_evening_public,0.6,0.6388888888888888,0.6388888888888888,0.8055555555555556
L3,12,2028-12-14,incl88_j2,A_turkiye_evening_public,2.5,0.6388888888888888,0.6388888888888888,0.8055555555555556
L3,12,2028-12-14,incl88_j2,B_global_science,0.6,0.6388888888888888,0.9444444444444444,1.0
L3,12,2028-12-14,incl88_j2,B_global_science,2.5,0.6388888888888888,0.9444444444444444,1.0
L3,12,2028-12-14,incl88_j2,C_any_turkish,0.6,0.6666666666666666,0.9444444444444444,1.0
L3,12,2028-12-14,incl88_j2,C_any_turkish,2.5,0.6666666666666666,0.9444444444444444,1.0
L3,12,2028-12-14,incl88_j2,P_plume_global,0.6,0.1111111111111111,0.2222222222222222,0.3472222222222222
L3,12,2028-12-14,incl88_j2,P_plume_global,2.5,0.1736111111111111,0.3263888888888889,0.5069444444444444
L3,18,2029-06-14,main,A_turkiye_evening_public,0.6,,,
L3,18,2029-06-14,main,A_turkiye_evening_public,2.5,,,
L3,18,2029-06-14,main,B_global_science,0.6,,,
L3,18,2029-06-14,main,B_global_science,2.5,,,
L3,18,2029-06-14,main,C_any_turkish,0.6,,,
L3,18,2029-06-14,main,C_any_turkish,2.5,,,
L3,18,2029-06-14,main,P_plume_global,0.6,,,
L3,18,2029-06-14,main,P_plume_global,2.5,,,
L3,18,2029-06-14,incl88_j2,A_turkiye_evening_public,0.6,,,
L3,18,2029-06-14,incl88_j2,A_turkiye_evening_public,2.5,,,
L3,18,2029-06-14,incl88_j2,B_global_science,0.6,,,
L3,18,2029-06-14,incl88_j2,B_global_science,2.5,,,
L3,18,2029-06-14,incl88_j2,C_any_turkish,0.6,,,
L3,18,2029-06-14,incl88_j2,C_any_turkish,2.5,,,
L3,18,2029-06-14,incl88_j2,P_plume_global,0.6,,,
L3,18,2029-06-14,incl88_j2,P_plume_global,2.5,,,
L4,3,2028-06-14,main,A_turkiye_evening_public,0.6,0.1701388888888889,0.3645833333333333,0.3645833333333333
L4,3,2028-06-14,main,A_turkiye_evening_public,2.5,0.17708333333333334,0.3854166666666667,0.3854166666666667
L4,3,2028-06-14,main,B_global_science,0.6,1.0,1.0,1.0
L4,3,2028-06-14,main,B_global_science,2.5,1.0,1.0,1.0
L4,3,2028-06-14,main,C_any_turkish,0.6,0.7569444444444444,0.9236111111111112,1.0
L4,3,2028-06-14,main,C_any_turkish,2.5,0.78125,0.9479166666666666,1.0
L4,3,2028-06-14,main,P_plume_global,0.6,0.1111111111111111,0.19444444444444445,0.2638888888888889
L4,3,2028-06-14,main,P_plume_global,2.5,0.14583333333333334,0.2708333333333333,0.3958333333333333
L4,3,2028-06-14,incl88_j2,A_turkiye_evening_public,0.6,0.1701388888888889,0.3715277777777778,0.3715277777777778
L4,3,2028-06-14,incl88_j2,A_turkiye_evening_public,2.5,0.1736111111111111,0.3958333333333333,0.3958333333333333
L4,3,2028-06-14,incl88_j2,B_global_science,0.6,1.0,1.0,1.0
L4,3,2028-06-14,incl88_j2,B_global_science,2.5,1.0,1.0,1.0
L4,3,2028-06-14,incl88_j2,C_any_turkish,0.6,0.75,0.9166666666666666,1.0
L4,3,2028-06-14,incl88_j2,C_any_turkish,2.5,0.7951388888888888,0.9618055555555556,1.0
L4,3,2028-06-14,incl88_j2,P_plume_global,0.6,0.1111111111111111,0.2222222222222222,0.3333333333333333
L4,3,2028-06-14,incl88_j2,P_plume_global,2.5,0.15625,0.3055555555555556,0.4722222222222222
L4,6,2028-09-13,main,A_turkiye_evening_public,0.6,0.2152777777777778,0.2152777777777778,0.5347222222222222
L4,6,2028-09-13,main,A_turkiye_evening_public,2.5,0.2222222222222222,0.2222222222222222,0.5555555555555556
L4,6,2028-09-13,main,B_global_science,0.6,1.0,1.0,1.0
L4,6,2028-09-13,main,B_global_science,2.5,1.0,1.0,1.0
L4,6,2028-09-13,main,C_any_turkish,0.6,0.9722222222222222,0.9861111111111112,1.0
L4,6,2028-09-13,main,C_any_turkish,2.5,0.9895833333333334,0.9965277777777778,1.0
L4,6,2028-09-13,main,P_plume_global,0.6,0.1111111111111111,0.2222222222222222,0.3333333333333333
L4,6,2028-09-13,main,P_plume_global,2.5,0.16319444444444445,0.3125,0.4861111111111111
L4,6,2028-09-13,incl88_j2,A_turkiye_evening_public,0.6,0.21180555555555555,0.21180555555555555,0.5416666666666666
L4,6,2028-09-13,incl88_j2,A_turkiye_evening_public,2.5,0.2326388888888889,0.2326388888888889,0.5868055555555556
L4,6,2028-09-13,incl88_j2,B_global_science,0.6,1.0,1.0,1.0
L4,6,2028-09-13,incl88_j2,B_global_science,2.5,1.0,1.0,1.0
L4,6,2028-09-13,incl88_j2,C_any_turkish,0.6,0.9652777777777778,0.9791666666666666,1.0
L4,6,2028-09-13,incl88_j2,C_any_turkish,2.5,0.9826388888888888,0.9930555555555556,1.0
L4,6,2028-09-13,incl88_j2,P_plume_global,0.6,0.1111111111111111,0.2326388888888889,0.3472222222222222
L4,6,2028-09-13,incl88_j2,P_plume_global,2.5,0.1736111111111111,0.3020833333333333,0.4583333333333333
L4,12,2029-03-15,main,A_turkiye_evening_public,0.6,,,
L4,12,2029-03-15,main,A_turkiye_evening_public,2.5,,,
L4,12,2029-03-15,main,B_global_science,0.6,,,
L4,12,2029-03-15,main,B_global_science,2.5,,,
L4,12,2029-03-15,main,C_any_turkish,0.6,,,
L4,12,2029-03-15,main,C_any_turkish,2.5,,,
L4,12,2029-03-15,main,P_plume_global,0.6,,,
L4,12,2029-03-15,main,P_plume_global,2.5,,,
L4,12,2029-03-15,incl88_j2,A_turkiye_evening_public,0.6,,,
L4,12,2029-03-15,incl88_j2,A_turkiye_evening_public,2.5,,,
L4,12,2029-03-15,incl88_j2,B_global_science,0.6,,,
L4,12,2029-03-15,incl88_j2,B_global_science,2.5,,,
L4,12,2029-03-15,incl88_j2,C_any_turkish,0.6,,,
L4,12,2029-03-15,incl88_j2,C_any_turkish,2.5,,,
L4,12,2029-03-15,incl88_j2,P_plume_global,0.6,,,
L4,12,2029-03-15,incl88_j2,P_plume_global,2.5,,,
L4,18,2029-09-13,main,A_turkiye_evening_public,0.6,,,
L4,18,2029-09-13,main,A_turkiye_evening_public,2.5,,,
L4,18,2029-09-13,main,B_global_science,0.6,,,
L4,18,2029-09-13,main,B_global_science,2.5,,,
L4,18,2029-09-13,main,C_any_turkish,0.6,,,
L4,18,2029-09-13,main,C_any_turkish,2.5,,,
L4,18,2029-09-13,main,P_plume_global,0.6,,,
L4,18,2029-09-13,main,P_plume_global,2.5,,,
L4,18,2029-09-13,incl88_j2,A_turkiye_evening_public,0.6,,,
L4,18,2029-09-13,incl88_j2,A_turkiye_evening_public,2.5,,,
L4,18,2029-09-13,incl88_j2,B_global_science,0.6,,,
L4,18,2029-09-13,incl88_j2,B_global_science,2.5,,,
L4,18,2029-09-13,incl88_j2,C_any_turkish,0.6,,,
L4,18,2029-09-13,incl88_j2,C_any_turkish,2.5,,,
L4,18,2029-09-13,incl88_j2,P_plume_global,0.6,,,
L4,18,2029-09-13,incl88_j2,P_plume_global,2.5,,,
L5,3,2028-10-14,main,A_turkiye_evening_public,0.6,0.4583333333333333,0.4583333333333333,0.625
L5,3,2028-10-14,main,A_turkiye_evening_public,2.5,0.4791666666666667,0.4791666666666667,0.6458333333333334
L5,3,2028-10-14,main,B_global_science,0.6,1.0,1.0,1.0
L5,3,2028-10-14,main,B_global_science,2.5,1.0,1.0,1.0
L5,3,2028-10-14,main,C_any_turkish,0.6,0.9965277777777778,1.0,1.0
L5,3,2028-10-14,main,C_any_turkish,2.5,1.0,1.0,1.0
L5,3,2028-10-14,main,P_plume_global,0.6,0.1111111111111111,0.2222222222222222,0.3263888888888889
L5,3,2028-10-14,main,P_plume_global,2.5,0.16666666666666666,0.3333333333333333,0.4722222222222222
L5,3,2028-10-14,incl88_j2,A_turkiye_evening_public,0.6,0.4583333333333333,0.4583333333333333,0.6527777777777778
L5,3,2028-10-14,incl88_j2,A_turkiye_evening_public,2.5,0.5034722222222222,0.5034722222222222,0.6701388888888888
L5,3,2028-10-14,incl88_j2,B_global_science,0.6,1.0,1.0,1.0
L5,3,2028-10-14,incl88_j2,B_global_science,2.5,1.0,1.0,1.0
L5,3,2028-10-14,incl88_j2,C_any_turkish,0.6,1.0,1.0,1.0
L5,3,2028-10-14,incl88_j2,C_any_turkish,2.5,1.0,1.0,1.0
L5,3,2028-10-14,incl88_j2,P_plume_global,0.6,0.11458333333333333,0.22916666666666666,0.3402777777777778
L5,3,2028-10-14,incl88_j2,P_plume_global,2.5,0.1736111111111111,0.3125,0.4513888888888889
L5,6,2029-01-13,main,A_turkiye_evening_public,0.6,0.5902777777777778,0.5902777777777778,
L5,6,2029-01-13,main,A_turkiye_evening_public,2.5,0.6041666666666666,0.6041666666666666,
L5,6,2029-01-13,main,B_global_science,0.6,0.6111111111111112,0.9166666666666666,
L5,6,2029-01-13,main,B_global_science,2.5,0.6527777777777778,0.9444444444444444,
L5,6,2029-01-13,main,C_any_turkish,0.6,0.6111111111111112,0.9166666666666666,
L5,6,2029-01-13,main,C_any_turkish,2.5,0.6527777777777778,0.9444444444444444,
L5,6,2029-01-13,main,P_plume_global,0.6,0.1111111111111111,0.19791666666666666,
L5,6,2029-01-13,main,P_plume_global,2.5,0.1388888888888889,0.2777777777777778,
L5,6,2029-01-13,incl88_j2,A_turkiye_evening_public,0.6,0.5972222222222222,0.5972222222222222,
L5,6,2029-01-13,incl88_j2,A_turkiye_evening_public,2.5,0.625,0.625,
L5,6,2029-01-13,incl88_j2,B_global_science,0.6,0.6111111111111112,0.9444444444444444,
L5,6,2029-01-13,incl88_j2,B_global_science,2.5,0.6597222222222222,0.9444444444444444,
L5,6,2029-01-13,incl88_j2,C_any_turkish,0.6,0.6111111111111112,0.9444444444444444,
L5,6,2029-01-13,incl88_j2,C_any_turkish,2.5,0.6597222222222222,0.9444444444444444,
L5,6,2029-01-13,incl88_j2,P_plume_global,0.6,0.12152777777777778,0.2361111111111111,
L5,6,2029-01-13,incl88_j2,P_plume_global,2.5,0.16666666666666666,0.3333333333333333,
L5,12,2029-07-15,main,A_turkiye_evening_public,0.6,,,
L5,12,2029-07-15,main,A_turkiye_evening_public,2.5,,,
L5,12,2029-07-15,main,B_global_science,0.6,,,
L5,12,2029-07-15,main,B_global_science,2.5,,,
L5,12,2029-07-15,main,C_any_turkish,0.6,,,
L5,12,2029-07-15,main,C_any_turkish,2.5,,,
L5,12,2029-07-15,main,P_plume_global,0.6,,,
L5,12,2029-07-15,main,P_plume_global,2.5,,,
L5,12,2029-07-15,incl88_j2,A_turkiye_evening_public,0.6,,,
L5,12,2029-07-15,incl88_j2,A_turkiye_evening_public,2.5,,,
L5,12,2029-07-15,incl88_j2,B_global_science,0.6,,,
L5,12,2029-07-15,incl88_j2,B_global_science,2.5,,,
L5,12,2029-07-15,incl88_j2,C_any_turkish,0.6,,,
L5,12,2029-07-15,incl88_j2,C_any_turkish,2.5,,,
L5,12,2029-07-15,incl88_j2,P_plume_global,0.6,,,
L5,12,2029-07-15,incl88_j2,P_plume_global,2.5,,,
L5,18,2030-01-13,main,A_turkiye_evening_public,0.6,,,
L5,18,2030-01-13,main,A_turkiye_evening_public,2.5,,,
L5,18,2030-01-13,main,B_global_science,0.6,,,
L5,18,2030-01-13,main,B_global_science,2.5,,,
L5,18,2030-01-13,main,C_any_turkish,0.6,,,
L5,18,2030-01-13,main,C_any_turkish,2.5,,,
L5,18,2030-01-13,main,P_plume_global,0.6,,,
L5,18,2030-01-13,main,P_plume_global,2.5,,,
L5,18,2030-01-13,incl88_j2,A_turkiye_evening_public,0.6,,,
L5,18,2030-01-13,incl88_j2,A_turkiye_evening_public,2.5,,,
L5,18,2030-01-13,incl88_j2,B_global_science,0.6,,,
L5,18,2030-01-13,incl88_j2,B_global_science,2.5,,,
L5,18,2030-01-13,incl88_j2,C_any_turkish,0.6,,,
L5,18,2030-01-13,incl88_j2,C_any_turkish,2.5,,,
L5,18,2030-01-13,incl88_j2,P_plume_global,0.6,,,
L5,18,2030-01-13,incl88_j2,P_plume_global,2.5,,,
