id,name,country,site,latitude_deg,longitude_deg,altitude_m,coord_source,mpc_code,mpc_crosscheck,aperture_m,instruments,wavelength_filters,max_frame_rate_cadence_duty,timing_accuracy,fov_pixel_scale,lunar_tracking_restrictions,horizon_pointing_limits,climate_weather,status_2026,access,participation_label,sources,notes
TR01,RTT150 / TFOSC Cassegrain imaging,Turkiye,"TUG Bakirlitepe (Saklikent), Antalya - Turkiye National Observatories",36.824167,30.335556,2550,"TUG official campus page (36d49m27s N, 30d20m08s E, 2550 m)",A84,"MPC A84 (""TUBITAK National Observatory"") -> 36.8253, 30.3333, 2539 m; horizontal offset 0.24 km; dh -11 m; astropy registry ""tug"" -> 36.8242, 30.3356, 2500 m; horizontal offset 0.00 km; dh -50 m",1.5,TFOSC (TUG Faint Object Spectrograph and Camera) incl. Wollaston polarimetry and MOS; Andor DW436 CCD listed at Cassegrain; Coude f/48 (CES/DEFPOS) not relevant,"Optical; >40 filters incl. Bessell UBVRI, SDSS u'g'r'i'z', Halpha, [OIII], ND 0.5/1.0/2.0",CCD readout not stated (seconds-class; unverified) - not sub-second,unverified (no GPS timing documented),"13.3'x13.3' Cassegrain field (f/7.7, 11611 mm; 17.8""/mm)",Equatorial mount; ND filters available; lunar/non-sidereal tracking not documented (unverified),unverified,"TUG official: ~200 clear nights/yr; seeing 0.86""; sky 21.5 mag/arcsec2; snow ~5 months/yr (0.3-4 m, avg 1.5 m); -28 to +22 C; humidity avg 50%",Operational (7 accepted projects in 2025A; listed among current telescopes on 2026 site),Semester-based national calls of Turkiye National Observatories (TUG); RTT150 is a Russian-Turkish collaboration telescope (partner time shares unverified),candidate infrastructure,https://trgozlemevleri.gov.tr/tr/teleskoplar/antalya/rtt150 ; https://trgozlemevleri.gov.tr/tr/yerleskeler/antalya-tug ; https://trgozlemevleri.gov.tr/tr/projeler/gozlem ; https://iccecrice2026.org/Docs/Turkiye-National-Observatories.pdf ; https://www.minorplanetcenter.net/iau/lists/ObsCodes.html ; https://raw.githubusercontent.com/oorb/oorb/master/data/OBSCODE.dat ; https://raw.githubusercontent.com/astropy/astropy-data/gh-pages/coordinates/sites.json,"Not a fast camera; Cassegrain port could host a visitor fast camera. TUG altitude given as 2550 m (official 2026), 2500 m (astropy registry citing old TUG site) and 2450 m (Wikipedia)."
TR02,RTT150 / Andor iXon+ EMCCD,Turkiye,"TUG Bakirlitepe (Saklikent), Antalya",36.824167,30.335556,2550,"TUG official campus page (36d49m27s N, 30d20m08s E, 2550 m)",A84,"MPC A84 (""TUBITAK National Observatory"") -> 36.8253, 30.3333, 2539 m; horizontal offset 0.24 km; dh -11 m; astropy registry ""tug"" -> 36.8242, 30.3356, 2500 m; horizontal offset 0.00 km; dh -50 m",1.5,Andor iXon+ EMCCD camera (listed at Cassegrain focus; model/format unverified),"Optical; RTT150 filter set (UBVRI, ugriz, ND)",EMCCD frame-transfer camera; frame rate not stated (unverified),unverified,"unverified (depends on detector; Cassegrain scale 17.8""/mm)",As TR01; unverified,unverified,"TUG official: ~200 clear nights/yr; seeing 0.86""; sky 21.5 mag/arcsec2; snow ~5 months/yr (0.3-4 m, avg 1.5 m); -28 to +22 C; humidity avg 50%",Listed on 2026 RTT150 page; whether currently mounted/offered unverified,As TR01,technically compatible equipment,https://trgozlemevleri.gov.tr/tr/teleskoplar/antalya/rtt150 ; https://www.minorplanetcenter.net/iau/lists/ObsCodes.html ; https://raw.githubusercontent.com/oorb/oorb/master/data/OBSCODE.dat ; https://raw.githubusercontent.com/astropy/astropy-data/gh-pages/coordinates/sites.json,"Most promising existing fast camera at TUG; verify model (e.g., 512x512 or 1024x1024), achievable frame rate, external/GPS triggering and availability. Label is provisional pending these checks."
TR03,TUG100 (T100) / Spectral Instruments SI 1100 CCD,Turkiye,"TUG Bakirlitepe (Saklikent), Antalya",36.824167,30.335556,2550,"TUG official campus page (36d49m27s N, 30d20m08s E, 2550 m)",A84,"MPC A84 (""TUBITAK National Observatory"") -> 36.8253, 30.3333, 2539 m; horizontal offset 0.24 km; dh -11 m; astropy registry ""tug"" -> 36.8242, 30.3356, 2500 m; horizontal offset 0.00 km; dh -50 m",1,"SI 1100 CCD (Fairchild 486 BI, 4096x4037, 15 um, cryo-cooled -100 C); ACE RC1.0 f/10 equatorial","Bessell UBVRI, SDSS u'g'r'i'z', Halpha, Hbeta, [OII], [SII], Ca II K, ND 0.5/1.0/2.0","Exposure 1 ms-3600 s; readout 48 s (1x1), 13 s (2x2) -> cadence >=13 s",unverified,"21.5'x21.5'; 0.31""/px",Equatorial; ND filters; lunar tracking unverified,unverified,"TUG official: ~200 clear nights/yr; seeing 0.86""; sky 21.5 mag/arcsec2; snow ~5 months/yr (0.3-4 m, avg 1.5 m); -28 to +22 C; humidity avg 50%",Operational (12 accepted projects in 2025A),TUG semester calls,candidate infrastructure,https://trgozlemevleri.gov.tr/tr/teleskoplar/antalya/tug100 ; https://trgozlemevleri.gov.tr/tr/projeler/gozlem ; https://www.minorplanetcenter.net/iau/lists/ObsCodes.html ; https://raw.githubusercontent.com/oorb/oorb/master/data/OBSCODE.dat ; https://raw.githubusercontent.com/astropy/astropy-data/gh-pages/coordinates/sites.json,Too slow for flash detection; usable only for slow ejecta imaging.
TR04,TUG100 (T100) / QHY174GPS guide camera,Turkiye,"TUG Bakirlitepe (Saklikent), Antalya",36.824167,30.335556,2550,"TUG official campus page (36d49m27s N, 30d20m08s E, 2550 m)",A84,"MPC A84 (""TUBITAK National Observatory"") -> 36.8253, 30.3333, 2539 m; horizontal offset 0.24 km; dh -11 m; astropy registry ""tug"" -> 36.8242, 30.3356, 2500 m; horizontal offset 0.00 km; dh -50 m",1,"QHY174GPS (Sony IMX174 global-shutter CMOS, 1920x1200, 5.86 um) used as autoguider",Unfiltered guider channel (filters unverified),"Manufacturer: 138 fps full frame (8-bit), 75 fps (16-bit), up to 305 fps ROI (as configured at T100 unverified)","Manufacturer: built-in GPS, 1 us exposure start/end timestamps in header","3.86'x2.42'; 0.12""/px (~430x270 km at mean lunar distance)",Equatorial mount; would require offset/non-sidereal tracking on predicted impact site (unverified),unverified,"TUG official: ~200 clear nights/yr; seeing 0.86""; sky 21.5 mag/arcsec2; snow ~5 months/yr (0.3-4 m, avg 1.5 m); -28 to +22 C; humidity avg 50%",Listed as T100 autoguider (2026 page),TUG; repurposing guider as science camera needs observatory agreement,technically compatible equipment,https://trgozlemevleri.gov.tr/tr/teleskoplar/antalya/tug100 ; https://www.qhyccd.com/qhy174gps/ ; https://www.minorplanetcenter.net/iau/lists/ObsCodes.html ; https://raw.githubusercontent.com/oorb/oorb/master/data/OBSCODE.dat ; https://raw.githubusercontent.com/astropy/astropy-data/gh-pages/coordinates/sites.json,"GPS-timed, global-shutter fast CMOS already on a Turkish 1-m telescope; small FOV acceptable only if impact site predicted to ~+/-100 km. Configuration (pick-off position, filters, data capture) unverified."
TR05,TUG060 (T60) / Andor iKon-L 936 CCD,Turkiye,"TUG Bakirlitepe (Saklikent), Antalya",36.824167,30.335556,2550,"TUG official campus page (36d49m27s N, 30d20m08s E, 2550 m)",A84,"MPC A84 (""TUBITAK National Observatory"") -> 36.8253, 30.3333, 2539 m; horizontal offset 0.24 km; dh -11 m; astropy registry ""tug"" -> 36.8242, 30.3356, 2500 m; horizontal offset 0.00 km; dh -50 m",0.6,"Andor iKon-L 936 (e2v CCD42-40, 2048x2048, 13.5 um); RC f/10 equatorial","Bessell UBVRI, SDSS u'g'r'i'z', ND 0.5/1.0/2.0 (12-position wheel)",Image download 6 s (readout 0.05-5 MHz),unverified,"15.6'x15.6'; 0.456""/px",unverified,unverified,"TUG official: ~200 clear nights/yr; seeing 0.86""; sky 21.5 mag/arcsec2; snow ~5 months/yr (0.3-4 m, avg 1.5 m); -28 to +22 C; humidity avg 50%",Operational (2 accepted projects in 2025A),TUG semester calls,candidate infrastructure,https://trgozlemevleri.gov.tr/tr/teleskoplar/antalya/tug060 ; https://trgozlemevleri.gov.tr/tr/projeler/gozlem ; https://www.minorplanetcenter.net/iau/lists/ObsCodes.html ; https://raw.githubusercontent.com/oorb/oorb/master/data/OBSCODE.dat ; https://raw.githubusercontent.com/astropy/astropy-data/gh-pages/coordinates/sites.json,"Robotic operation (as for the 2008 ""T60 robotic"" OMI RC06) not stated on the 2026 page - unverified."
TR06,TUG T35 (and legacy YT40 / ROTSE-IIId),Turkiye,"TUG Bakirlitepe (Saklikent), Antalya",36.824167,30.335556,2550,"TUG official campus page (36d49m27s N, 30d20m08s E, 2550 m)",A84,"MPC A84 (""TUBITAK National Observatory"") -> 36.8253, 30.3333, 2539 m; horizontal offset 0.24 km; dh -11 m; astropy registry ""tug"" -> 36.8242, 30.3356, 2500 m; horizontal offset 0.00 km; dh -50 m",0.35,unverified,unverified,unverified,unverified,unverified,unverified,unverified,"TUG official: ~200 clear nights/yr; seeing 0.86""; sky 21.5 mag/arcsec2; snow ~5 months/yr (0.3-4 m, avg 1.5 m); -28 to +22 C; humidity avg 50%","UNCERTAIN - not listed among the six current telescopes on the 2026 TUG website; Wikipedia lists YT40 (0.4 m, 2006) and ROTSE-IIId",unverified,candidate infrastructure,https://en.wikipedia.org/wiki/T%C3%9CB%C4%B0TAK_National_Observatory ; https://trgozlemevleri.gov.tr/tr/kurumsal/tarihce ; https://www.minorplanetcenter.net/iau/lists/ObsCodes.html ; https://raw.githubusercontent.com/oorb/oorb/master/data/OBSCODE.dat ; https://raw.githubusercontent.com/astropy/astropy-data/gh-pages/coordinates/sites.json,Flag: status uncertain (possibly decommissioned or not offered). Old tug.tubitak.gov.tr pages now redirect to a public-event application system.
TR07,DAG400 / DIRAC NIR camera behind TROIA AO,Turkiye,"DAG Karakaya Tepesi, Konakli (Palandoken), Erzurum - Turkiye National Observatories",39.778611,41.226944,3170,"TUG/DAG official campus page (39d46m43s N, 41d13m37s E, 3170 m)",,,4,"DIRAC (Teledyne H1RG 1016x1016, 18 um) + TROIA AO (pyramid WFS, ALPAO 468-actuator DM) on KORAY K-mirror rotator; PLACID coronagraph (H 1.63 um, Ks 2.15 um)","0.9-2.4 um; Y, J, H, K (two 6-slot wheels)",not stated (unverified),unverified,"DIRAC 33""x33"" at 33 mas/px (~60 km at Moon); telescope FOV 24'x24' seeing-limited, 7'x7' diffraction-limited",Alt-az RC f/14.2 with K-mirror (max 5 deg/s); lunar tracking and AO sensing on lunar terrain unverified,unverified,"DAG official: ~240 clear nights/yr; seeing 0.93""; sky 21.4-21.8 mag/arcsec2; snow ~7 months/yr (avg 3.5 m, up to 7 m); avg 3 C (-26 to +25 C); wind avg 6 m/s","COMMISSIONING - technical first light 2024; initial testing completed Sept 2025 (Wikipedia citing SPIE); ""Test observations began in 2025"" (TUG press Y2026-02); no DAG400 projects accepted in 2025A; science operations in 2026 unverified",Listed in TUG semester call pages (no accepted DAG400 projects 2025A),candidate infrastructure,https://trgozlemevleri.gov.tr/tr/teleskoplar/erzurum/dag400 ; https://trgozlemevleri.gov.tr/tr/yerleskeler/erzurum-dag ; https://iccecrice2026.org/Docs/Turkiye-National-Observatories.pdf ; https://trgozlemevleri.gov.tr/tr/projeler/gozlem ; https://en.wikipedia.org/wiki/Eastern_Anatolia_Observatory,K-band capability relevant for thermal flash/ejecta emission (cf. SMART-1 detection at 2.12 um by CFHT). Very small DIRAC FOV requires precise impact-site prediction. Flag: operational status uncertain.
TR08,DAG400 / seeing-limited Nasmyth field (visitor fast camera),Turkiye,"DAG Karakaya Tepesi, Konakli, Erzurum",39.778611,41.226944,3170,"TUG/DAG official campus page (39d46m43s N, 41d13m37s E, 3170 m)",,,4,"No visible fast imager verified; 24'x24' seeing-limited field at f/14.2 (plate scale ~3.6""/mm, computed) could host a visitor sCMOS/EMCCD",VIS+NIR telescope (<3 um),depends on visitor camera,depends on visitor camera (GPS inserter required),24'x24' seeing-limited (telescope),Alt-az; lunar tracking unverified,unverified,"DAG official: ~240 clear nights/yr; seeing 0.93""; sky 21.4-21.8 mag/arcsec2; snow ~7 months/yr (avg 3.5 m, up to 7 m); avg 3 C (-26 to +25 C); wind avg 6 m/s",COMMISSIONING (see TR07),Would require agreement with Turkiye National Observatories,candidate infrastructure,https://trgozlemevleri.gov.tr/tr/teleskoplar/erzurum/dag400 ; https://iccecrice2026.org/Docs/Turkiye-National-Observatories.pdf,Largest-aperture option in Turkiye for a faint flash; availability of a free visible port and Moon-pointing policy must be confirmed.
TR09,ATA050 / QHY268M CMOS,Turkiye,"DAG campus, Erzurum (per TUG page: ""Erzurum DAG yerleskesi"")",39.778611,41.226944,3170,"TUG/DAG official campus page (39d46m43s N, 41d13m37s E, 3170 m)",,,0.5,"QHY268M (Sony IMX571 APS-C BSI CMOS, 23.6x15.8 mm, 3.76 um); UVEX (R~1700) and eShel (R~10000) spectrographs; RC f/8 equatorial","Johnson B, V, R; SDSS u, g, r, i, z (12-position wheel)",Exposure 30 us-3600 s; frame rate not stated (unverified),unverified,"Published 26.3'x6.3' (sic); computed for f/8 (4.0 m FL): ~0.19""/px, ~20'x14'",unverified,unverified,"DAG official: ~240 clear nights/yr; seeing 0.93""; sky 21.4-21.8 mag/arcsec2; snow ~7 months/yr (avg 3.5 m, up to 7 m); avg 3 C (-26 to +25 C); wind avg 6 m/s",Operational (3 accepted projects in 2025A),TUG semester calls (Ataturk Univ. collaboration telescope),candidate infrastructure,https://trgozlemevleri.gov.tr/tr/teleskoplar/erzurum/ata050 ; https://trgozlemevleri.gov.tr/tr/projeler/gozlem ; https://iccecrice2026.org/Docs/Turkiye-National-Observatories.pdf,Coordinates set to DAG campus values; exact position of ATA050 dome unverified. Published FOV appears inconsistent with sensor size.
TR10,DAGTPS (2 x 0.3 m) / DMK 33UX290 G-DIMM camera,Turkiye,"DAG Karakaya Tepesi, Konakli, Erzurum",39.778611,41.226944,3170,"TUG/DAG official campus page (39d46m43s N, 41d13m37s E, 3170 m)",,,0.3,"Two 0.3 m ACF f/10 alt-az telescopes for MASS-DIMM / G-DIMM turbulence profiling; Imaging Source DMK 33UX290 (Sony STARVIS IMX290, 1920x1080, 2.9 um, rolling shutter)",VIS (unfiltered/unverified),143 fps at full resolution; exposure 20 us-30 s,unverified (USB3 camera; no GPS documented),"5.4'x3.7' (computed ~0.20""/px)",Alt-az; dedicated site monitor - lunar use would interrupt seeing monitoring,unverified,"DAG official: ~240 clear nights/yr; seeing 0.93""; sky 21.4-21.8 mag/arcsec2; snow ~7 months/yr (avg 3.5 m, up to 7 m); avg 3 C (-26 to +25 C); wind avg 6 m/s",Operational (DAGTPS long-term turbulence project 2025A),TUG,technically compatible equipment,https://trgozlemevleri.gov.tr/tr/teleskoplar/erzurum/dagtps ; https://trgozlemevleri.gov.tr/tr/projeler/gozlem ; https://iccecrice2026.org/Docs/Turkiye-National-Observatories.pdf,Fast camera on small apertures; rolling shutter and lack of GPS timing are limitations.
TR11,AUKR T80 (Prof. Dr. Berahitdin Albayrak) / Apogee Alta U47+,Turkiye,"Ankara University Kreiken Observatory, Ahlatlibel, Ankara",39.843611,32.779167,1257,"AUKR contact page (39d50m37s N, 02h11m07s E = 32d46m45s E, 1256.69 m)",,,0.805,"ASA RC alt-az, Nasmyth f/6.8 (5476 mm); Apogee Alta U47+ CCD (1024x1024 BI, 13 um) with 0.69x reducer; Optec IFW; Shelyak Whoppshel fibre spectrograph",SDSS u'g'r'i'z',CCD (seconds-class; unverified),unverified,"11.84'x11.84' with reducer (3778 mm FL; computed ~0.71""/px)",Alt-az; unverified,unverified,Continental central Anatolia; 18 km S of Ankara (clear-night fraction unverified),Listed on observatory website (no dated status),Ankara University (arrangement unverified),candidate infrastructure,https://rasathane.ankara.edu.tr/t80-prof-dr-berahitdin-albayrak-teleskobu/ ; https://rasathane.ankara.edu.tr/ulasim-iletisim/,
TR12,AUKR T40 Kreiken / QHY268M Pro CMOS,Turkiye,"Ankara University Kreiken Observatory, Ahlatlibel, Ankara",39.843611,32.779167,1257,"AUKR contact page (39d50m37s N, 02h11m07s E = 32d46m45s E, 1256.69 m)",,,0.406,"Meade 406 mm f/10 (4064 mm); QHY268M Pro (6280x4210, 3.76 um); Shelyak eShel (R=13500)","Johnson UBVRI, Stromgren uvby-beta, RGB",CMOS; frame rate unverified,unverified,"Computed ~0.19""/px, ~20'x13'",unverified,unverified,As TR11,"""Scientific work continues"" with the 40 cm (in use since 2007; tarihce page)",Ankara University,candidate infrastructure,https://rasathane.ankara.edu.tr/kreiken-teleskobu/ ; https://rasathane.ankara.edu.tr/tarihce/ ; https://rasathane.ankara.edu.tr/ulasim-iletisim/,
TR13,AUKR T35 (Meade 14-inch LX200),Turkiye,"Ankara University Kreiken Observatory, Ahlatlibel, Ankara",39.843611,32.779167,1257,"AUKR contact page (39d50m37s N, 02h11m07s E = 32d46m45s E, 1256.69 m)",,,0.356,unverified (camera not documented),unverified,unverified,unverified,unverified,unverified,unverified,As TR11,35 cm in use since 2009 (tarihce page),Ankara University,candidate infrastructure,https://rasathane.ankara.edu.tr/ ; https://rasathane.ankara.edu.tr/tarihce/,SCT class suitable for MIDAS-style video monitoring if fitted with fast camera + GPS inserter.
TR14,Ulupinar T122 / SBIG STL-1001E,Turkiye,"COMU Ulupinar Observatory (CAAM), Canakkale",,,410,CAAM page (altitude only; lat/lon unverified),,,1.22,Cassegrain-Nasmyth alt-az; SBIG STL-1001E CCD + BVRI,BVRI,CCD (seconds-class; unverified),unverified,"7.1'x7.1'; 0.42""/px",Alt-az; unverified,unverified,"410 m, 10 km from Canakkale (weather statistics unverified)",Listed on CAAM instruments page (no dated status),COMU (arrangement unverified),candidate infrastructure,http://caam.comu.edu.tr/hakkimizda/gozlem-aletleri-r2.html ; https://caam.comu.edu.tr/,"Page lists aperture 1022 mm / focal length 10220 mm f/10 for the ""122 cm"" telescope - inconsistent; nominal 1.22 m used. Approx. location 40.1 N, 26.5 E (unverified)."
TR15,Ulupinar IST60 (Istanbul Univ.) / Andor iXon Ultra 888 EMCCD,Turkiye,"COMU Ulupinar Observatory, Canakkale (Istanbul University telescope)",,,410,CAAM page (altitude only; lat/lon unverified),,,0.6,0.6 m Cassegrain f/8 (4800 mm) on Astelco NTM-500 GEM; Andor iXon Ultra 888 (DU-888U3) EMCCD + BVRI,BVRI,Frame-transfer EMCCD; achievable frame rate not documented on page (unverified),unverified (no GPS documented),"9.5'x9.5'; 0.56""/px",GEM; unverified,unverified,As TR14,Listed on CAAM instruments page (no dated status),Istanbul University Observatory Research & Application Centre / COMU (unverified),technically compatible equipment,http://caam.comu.edu.tr/hakkimizda/gozlem-aletleri-r2.html,"Frame-transfer EMCCD with ~10' FOV on 0.6 m - comparable class to SAAO SHOC; verify frame rate, triggering and availability."
TR16,Ulupinar T40 / Apogee Alta F47,Turkiye,"COMU Ulupinar Observatory, Canakkale",,,410,CAAM page (altitude only; lat/lon unverified),,,0.406,Meade LX200 16-inch f/10 on Paramount ME II; Apogee Alta F47 CCD,Bessell BVR,CCD (unverified),unverified,"14.2'x14.2'; 0.70""/px",unverified,unverified,As TR14,Listed (no dated status),COMU,candidate infrastructure,http://caam.comu.edu.tr/hakkimizda/gozlem-aletleri-r2.html,
TR17,Ulupinar T30a (robotic) / FLI MicroLine 4710,Turkiye,"COMU Ulupinar Observatory, Canakkale",,,410,CAAM page (altitude only; lat/lon unverified),,,0.305,Meade LX200 12-inch f/10 on Paramount ME (robotic); FLI MicroLine 4710 CCD,Bessell BVRI,CCD (unverified),unverified,"15.2'x15.2'; 0.89""/px",unverified,unverified,As TR14,Listed (no dated status),COMU,candidate infrastructure,http://caam.comu.edu.tr/hakkimizda/gozlem-aletleri-r2.html,"Also T30b (SBIG ST-237), T20, T12, T10 small telescopes."
TR18,Ege University Observatory R40 / Apogee Alta U42,Turkiye,"Ege University Observatory, Kurudag (Bornova), Izmir",,,,"not stated (weather station ""Izmir, Kurudag""; pressure ~930 hPa suggests ~700 m - unverified)",,,0.4,"0.4 m SCT f/10 on ASA DDM160; Apogee Alta U42 (2048x2048, 13.5 um)",Bessell UBVRI,CCD (unverified),unverified,"23.7'x23.7'; 0.70""/px",GEM direct drive; unverified,unverified,Aegean coastal-mountain site (statistics unverified); live weather monitor and all-sky camera online,Listed (no dated status),Ege University,candidate infrastructure,https://gozlemevi.ege.edu.tr/ ; https://gozlemevi.ege.edu.tr/tr-4305/r40.html ; https://gozlemevi.ege.edu.tr/files/gozlemevi/gokyuzu/reports/Current_Monitor.htm,
TR19,Ege University Observatory T35 / Optec SSP5 photoelectric photometer,Turkiye,"Ege University Observatory, Kurudag (Bornova), Izmir",,,,not stated,,,0.356,"Meade LX200GPS 14-inch f/10 fork; SSP5 single-channel PMT photometer (R6358), 53"" measuring aperture",Johnson UBVR,PMT photometer (high time resolution possible; integration settings unverified),unverified,"14' field; 53"" diaphragm (~100 km at Moon)",unverified,unverified,As TR18,"In use (calibration data Aug 2019, Dec 2022, Jul 2023)",Ege University,candidate infrastructure,https://gozlemevi.ege.edu.tr/tr-4307/t35.html,Single-channel photometry of a predicted impact spot is conceivable but earthshine background and pointing accuracy are concerns.
TR20,Adiyaman University Observatory ADYU60,Turkiye,"Adiyaman University Observatory, Adiyaman",,,,not stated,,,0.61,PlaneWave CDK24 f/6.5 (3962 mm) on ASA DDM160; camera not stated,unverified,unverified,unverified,58' corrected field (70 mm image circle),unverified,unverified,unverified,"""Operational"" per observatory page (undated)",Adiyaman University,candidate infrastructure,https://observatory.adiyaman.edu.tr/tr/gozlem-aletleri/teleskoplar ; https://www.tad.org.tr/turkiyede-astronomi/gozlemevleri,
TR21,Cukurova University UZAYMER / Officina Stellare Pro RC 500,Turkiye,"Cukurova University UZAYMER, Adana",,,,not stated,,,0.5,Officina Stellare Pro RC 500 LK7 (specs not rendered),unverified,unverified,unverified,unverified,unverified,unverified,unverified,Listed (undated),Cukurova University,candidate infrastructure,https://uzaymer.cu.edu.tr/cu/information-document/teleskoplarimiz ; https://www.tad.org.tr/turkiyede-astronomi/gozlemevleri,unverified
TR22,Erciyes University UZAYBIMER / T40 optical telescope,Turkiye,"Erciyes University UZAYBIMER, Talas, Kayseri",,,,not stated,,,0.4,T40 and T35 optical telescopes listed (specs not rendered); also RT13/RT5 radio telescopes,unverified,unverified,unverified,unverified,unverified,unverified,unverified,Listed (undated),Erciyes University,candidate infrastructure,https://uzaybimer.erciyes.edu.tr/ ; https://www.tad.org.tr/turkiyede-astronomi/gozlemevleri,unverified; no 1.0 m telescope found at Erciyes.
TR23,Inonu University Observatory,Turkiye,"Inonu University, Malatya",,,,not stated,,,,unverified (site fetch failed: TLS error),unverified,unverified,unverified,unverified,unverified,unverified,unverified,UNCERTAIN (listed by TAD as founded 2012; post-2023 earthquake status unknown),unverified,candidate infrastructure,https://www.tad.org.tr/turkiyede-astronomi/gozlemevleri,unverified
TR24,Eskisehir Technical University Yunus Emre Observatory,Turkiye,"ESTU, Eskisehir",,,,not stated,,,,unverified (site fetch failed: HTTP 500),unverified,unverified,unverified,unverified,unverified,unverified,unverified,"UNCERTAIN (listed by TAD, founded 2017)",unverified,candidate infrastructure,https://www.tad.org.tr/turkiyede-astronomi/gozlemevleri,unverified
TR25,"UDF050 space-situational-awareness telescopes (planned, 0.5 m)",Turkiye,TUG (Antalya) and DAG (Erzurum),,,,two sites,,,0.5,"0.5 m SSA telescopes ""UDF050"" (cameras unverified)",unverified,unverified,unverified,unverified,unverified,unverified,See TUG/DAG,"PLANNED - ""by 2026 ... installation of 0.5 m aperture SSA telescopes"" (TUG press Y2026-02); installation not verified",Turkiye National Observatories,candidate infrastructure,https://iccecrice2026.org/Docs/Turkiye-National-Observatories.pdf,SSA telescopes typically use fast CMOS + GPS timing (to be verified) - potentially the best-suited new Turkish assets for a 2027-2028 campaign.
TR26,Turkish science centres and amateur observers (generic),Turkiye,"Konya, Kayseri, Antalya, Eskisehir, Istanbul, Bursa, Gaziantep (various)",,,,various,,,,"Konya and Kayseri science-centre websites list planetaria only (no observatory/telescope found); others not verified; TAD is a professional society (IMO fireball reporting), no amateur telescope network verified",,,,,,,,UNVERIFIED,Public/outreach,candidate infrastructure,https://www.konyabilimmerkezi.com/ ; https://www.kayseribilimmerkezi.com/ ; https://www.tad.org.tr/turkiyede-astronomi/gozlemevleri,unverified; amateur 0.3-0.4 m SCTs with GPS-timed CMOS (see GL02/GL03) would be the practical route for a distributed Turkish citizen network.
GR01,NELIOTA / Kryoneri 1.2 m prime focus twin sCMOS (R & I),Greece,"Kryoneri Observatory (NOA), Mt Kyllini, Corinthia",37.971944,22.618611,930,"Xilouris et al. 2018 (37d58m19s N, 22d37m07s E, 930 m); coords also on Kryoneri website",L10,"MPC L10 (""Kryoneri Observatory"") -> 37.9722, 22.6186, 971 m; horizontal offset 0.03 km; dh +41 m",1.2,"NELIOTA twin-camera system: dichroic beam splitter (730 nm) + 2x Andor Zyla 5.5 sCMOS (2560x2160, 6.48 um; operated 2x2 binned 1280x1080), prime focus f/2.8 with 3-lens corrector",Johnson-Cousins R (~530-730 nm) and I (~730-950 nm) simultaneously,30 fps; 23 ms exposure + ~10 ms readout (global shutter; ~70% duty per frame),GPS time server (Meinberg LanTime M200/GPS) via NTP + hardware time-stamp per frame (accuracy value not stated),"17.0'x14.4'; 0.8""/px binned (~1.5 km/px)","Dedicated lunar monitoring of non-illuminated side; lunar phase ~10-45%; flash limit ~12.4 mag (R, I) at phase ~0.1; faintest detected 11.24 mag (R)",>=20 deg elevation (dome),"Site seeing ~1.5"" (dome ~2.5""); 54 h of lunar monitoring in first year (Feb 2017-Feb 2018); clear-night fraction unverified","ACTIVE - observations ""resumed in August 2025 and will continue through 2028"" (Kryoneri website)",ESA-funded NOA programme; participation requires agreement with NOA/ESA,technically compatible equipment,https://kryoneri.astro.noa.gr/ ; https://arxiv.org/pdf/1809.00495 ; https://ui.adsabs.harvard.edu/abs/2018A&A...619A.141X/abstract ; https://ui.adsabs.harvard.edu/abs/2020A%26A...633A.112L/abstract ; https://www.minorplanetcenter.net/iau/lists/ObsCodes.html ; https://raw.githubusercontent.com/oorb/oorb/master/data/OBSCODE.dat,31 validated flashes (+17 I-only) in first year; 79 flashes in first 30 months (Liakos et al. 2020). Later statistics (Liakos et al. 2024) not verified (ADS fetch failed). Best-characterised dedicated lunar-impact-flash system; operating through the AYAP-1 window.
GR02,Kryoneri ASA800 (new 0.8 m robotic telescope),Greece,"Kryoneri Observatory (NOA), Corinthia",37.971944,22.618611,930,"Xilouris et al. 2018 (37d58m19s N, 22d37m07s E, 930 m); coords also on Kryoneri website",L10,"MPC L10 (""Kryoneri Observatory"") -> 37.9722, 22.6186, 971 m; horizontal offset 0.03 km; dh +41 m",0.8,ASA 0.8 m f/6.5 alt-az; two imaging cameras + filter changer (models unverified),unverified,unverified,unverified,unverified,unverified,unverified,As GR01,Installed April-May 2026 (roll-off building) per Kryoneri website,NOA,candidate infrastructure,https://kryoneri.astro.noa.gr/ ; https://www.minorplanetcenter.net/iau/lists/ObsCodes.html ; https://raw.githubusercontent.com/oorb/oorb/master/data/OBSCODE.dat,Could complement NELIOTA; camera specs unverified.
ES01,MIDAS Sevilla / 0.36 m and 0.28 m SCTs + Watec 902H Ultimate,Spain,"MIDAS station, Sevilla",37.34611,-5.98055,23,Madiedo et al. 2015 (MIDAS Sevilla station),,,0.36,"Celestron SCTs (2x0.36 m, 3x0.28 m in 2019; one 0.24 m) with Meade f/3.3 reducers; Watec 902H Ultimate video cameras (Sony ICX439ALL 1/2"" CCD, PAL 720x576)",~400-900 nm unfiltered; one 0.28 m with Johnson-Cousins I,25 fps PAL interlaced video (~100% duty),"GPS time inserter, 0.01 s per frame",Not given in arcmin; each SCT+Watec monitors ~4-8 x10^6 km2 of lunar surface (2019 paper),Terminator avoided to prevent CCD saturation; detections require >=2 telescopes viewing the same area,unverified,Southern Spain (statistics unverified),Active in 2019 (21 Jan 2019 eclipse flash); 2026 status unverified,"Research network (Univ. Huelva / IAA-CSIC: Madiedo, Ortiz) - collaboration",technically compatible equipment,https://arxiv.org/pdf/1503.05227 ; https://arxiv.org/pdf/1905.04487 ; https://ui.adsabs.harvard.edu/abs/2019MNRAS.486.3380M/abstract,"Flash of 21 Jan 2019: 0.28 s, V=4.2, ~5700 K. Low-cost, high-duty-cycle architecture directly transferable to Turkish university/amateur telescopes."
ES02,MIDAS Sevilla / 0.10 m refractors + Sony A7S,Spain,"MIDAS station, Sevilla",37.34611,-5.98055,23,Madiedo et al. 2015 (MIDAS Sevilla station),,,0.1,"Two 0.10 m f/10 refractors with Sony A7S cameras (one 50 fps 1920x1080 video, one 4240x2832 stills every 10 s)",~400-700 nm,50 fps video,unverified for these cameras,Whole-disk class (unverified),Used for full-disk monitoring during eclipse totality,unverified,As ES01,Used Jan 2019; 2026 status unverified,As ES01,technically compatible equipment,https://arxiv.org/pdf/1905.04487,Only bright flashes detectable.
ES03,MIDAS La Hita / 0.40 m Newtonian + Watec 902H Ultimate,Spain,"La Hita Astronomical Observatory, La Puebla de Almoradiel (Toledo)",39.56833,-3.18333,674,Madiedo et al. 2015 (La Hita Astronomical Observatory),I95,"MPC I95 (""Observatorio de la Hita"") -> 39.5686, -3.1861, 675 m; horizontal offset 0.24 km; dh +1 m",0.4,0.40 m Newtonian (since 2013) + Watec 902H Ultimate,~400-900 nm unfiltered,25 fps PAL interlaced,"GPS time inserter, 0.01 s",unverified,As ES01,unverified,unverified,"MIDAS station (2015, 2019 papers); 2026 status unverified",As ES01,technically compatible equipment,https://arxiv.org/pdf/1503.05227 ; https://arxiv.org/pdf/1905.04487 ; https://www.minorplanetcenter.net/iau/lists/ObsCodes.html ; https://raw.githubusercontent.com/oorb/oorb/master/data/OBSCODE.dat,
ES04,MIDAS La Sagra station,Spain,"La Sagra (Puebla de Don Fadrique, Granada)",37.9824,-2.5653,1514,"Derived from MPC parallax constants for code J75 (""OAM Observatory, La Sagra""), WGS84; altitude precision ~+/-30-60 m",J75,adopted from MPC,,MIDAS station (instruments unverified),unverified,unverified,unverified,unverified,unverified,unverified,unverified,Named as MIDAS station in 2019 paper; 2026 status unverified,As ES01,candidate infrastructure,https://arxiv.org/pdf/1905.04487 ; https://raw.githubusercontent.com/oorb/oorb/master/data/OBSCODE.dat ; https://www.minorplanetcenter.net/iau/lists/ObsCodes.html,"Coordinates derived from MPC J75 (OAM Observatory, La Sagra); MPC L98 ""La Sagra Observatory"" gives 37.9826 N, 2.5657 W, ~1583 m."
ES05,Calar Alto Observatory (CAHA) 1.23 m / 2.2 m / 3.5 m,Spain,"Calar Alto, Almeria",37.2235,-2.5458,2173,"Derived from MPC parallax constants for code 493 (""Calar Alto""), WGS84; altitude precision ~+/-30-60 m",493,"adopted from MPC; astropy registry ""CAHA"" -> 37.2236, -2.5461, 2168 m; horizontal offset 0.03 km; dh -5 m",3.5,Five telescopes; no fast imager verified,unverified,unverified,unverified,unverified,unverified,unverified,unverified,Operational; Call for Proposals with visitor and service modes,CAHA CfP,candidate infrastructure,https://www.caha.es/ ; https://raw.githubusercontent.com/astropy/astropy-data/gh-pages/coordinates/sites.json ; https://raw.githubusercontent.com/oorb/oorb/master/data/OBSCODE.dat ; https://www.minorplanetcenter.net/iau/lists/ObsCodes.html,"Use of Calar Alto by MIDAS not verified. astropy registry: 37.2236 N, 2.5461 W, 2168 m."
ES06,GTC 10.4 m / HiPERCAM,Spain,"Roque de los Muchachos, La Palma",28.7602,-17.8824,2321,"Derived from MPC parallax constants for code 950 (""La Palma""), WGS84; altitude precision ~+/-30-60 m",950,"adopted from MPC; astropy registry ""lapalma"" -> 28.7583, -17.8800, 2327 m; horizontal offset 0.31 km; dh +6 m",10.4,HiPERCAM 5-band simultaneous CCD imager (Folded Cassegrain),"u', g', r', i', z' simultaneously",>1050 Hz (high-speed windowed); exposures up to 1800 s,GPS-based (accuracy not stated on GTC page; unverified),"2.8'x1.4' (3.1' diagonal); 0.081""/px (~310x155 km at Moon)",GTC Moon-pointing policy unverified; impact site must be predicted to <~+/-70 km,unverified,unverified,Visitor instrument with permanent home on GTC since 2023; first light on GTC Feb 2018,GTC time via Spanish CAT / partners; HiPERCAM team agreement,technically compatible equipment,https://www.gtc.iac.es/instruments/hipercam/hipercam.php ; https://research.iac.es/OOCC/night-cat/ ; https://www.minorplanetcenter.net/iau/lists/ObsCodes.html ; https://raw.githubusercontent.com/oorb/oorb/master/data/OBSCODE.dat ; https://raw.githubusercontent.com/astropy/astropy-data/gh-pages/coordinates/sites.json,Coordinates are generic La Palma (MPC 950); GTC-specific position unverified.
ES07,Liverpool Telescope 2.0 m / RISE,Spain,"Roque de los Muchachos, La Palma",28.7625,-17.8792,2388,"Derived from MPC parallax constants for code J13 (""La Palma-Liverpool Telescope""), WGS84; altitude precision ~+/-30-60 m",J13,"adopted from MPC; astropy registry ""lapalma"" -> 28.7583, -17.8800, 2327 m; horizontal offset 0.47 km; dh -61 m",2,"RISE: Andor DW485 (e2v CCD47-20 frame transfer, 1024x1024)",Fixed V+R filter,Min exposure 1.2 s (1x1) / 0.6 s (2x2); readout overhead 0.035 s,"NTP to local stratum-1 GPS: <70 ms; FITS timestamps ""not better than 90 ms""","9.2'x9.2'; 0.54""/px",Robotic; bright targets handled with short exposures/defocus; Moon policy unverified,unverified,unverified,"ONLINE (""Normal operations, weather permitting"")",LT time via Spanish CAT / UK / LJMU,candidate infrastructure,https://telescope.livjm.ac.uk/TelInst/Inst/RISE/ ; https://telescope.livjm.ac.uk/TelInst/Inst/ ; https://research.iac.es/OOCC/night-cat/ ; https://www.minorplanetcenter.net/iau/lists/ObsCodes.html ; https://raw.githubusercontent.com/oorb/oorb/master/data/OBSCODE.dat ; https://raw.githubusercontent.com/astropy/astropy-data/gh-pages/coordinates/sites.json,Too slow for sub-second flash; suitable for ~1 Hz ejecta imaging.
ES08,TTT1/TTT2 0.8 m / FERVOR-M sCMOS,Spain,"Teide Observatory, Tenerife (Light Bridges TTT)",28.299167,-16.509444,2390,"TTT site page (28d17m57s N, 16d30m34s W); altitude = Teide generic (astropy registry, 2390 m)",954,"MPC 954 (""Teide Observatory"") -> 28.2984, -16.5094, 2363 m; horizontal offset 0.09 km; dh -27 m; astropy registry ""teide"" -> 28.3000, -16.5097, 2390 m; horizontal offset 0.10 km; dh +0 m",0.8,Two 0.8 m RC f/6.85 alt-az; FERVOR-M BSI sCMOS (Sony IMX455; 2x2 binning standard),unverified,Readout 15 ms (~67 fps max),unverified,"22.6'x15.1'; 0.28""/px","Tracking <0.2"" RMS/min; pointing <30"" RMS; Moon policy unverified",unverified,"Useful-night, seeing and sky-brightness statistics referenced on TTT site (values not retrieved)",Fully robotic (first light 2022),Spanish CAT and direct proposals to Light Bridges; Observing Time Endowment (2026A),technically compatible equipment,https://ttt.iac.es/telescopes-instruments/ ; https://ttt.iac.es/ ; https://lightbridges.es/ ; https://research.iac.es/OOCC/night-cat/ ; https://www.minorplanetcenter.net/iau/lists/ObsCodes.html ; https://raw.githubusercontent.com/oorb/oorb/master/data/OBSCODE.dat ; https://raw.githubusercontent.com/astropy/astropy-data/gh-pages/coordinates/sites.json,Wide FOV (~2/3 of lunar diameter) at ~67 fps on 0.8 m.
ES09,TTT3 2.0 m / FERVOR-M sCMOS (+ COLORS CCD),Spain,"Teide Observatory, Tenerife",28.299167,-16.509444,2390,"TTT site page (28d17m57s N, 16d30m34s W); altitude = Teide generic (astropy registry, 2390 m)",954,"MPC 954 (""Teide Observatory"") -> 28.2984, -16.5094, 2363 m; horizontal offset 0.09 km; dh -27 m; astropy registry ""teide"" -> 28.3000, -16.5097, 2390 m; horizontal offset 0.10 km; dh +0 m",2,2.0 m RC f/6 alt-az; FERVOR-M IMX455 sCMOS (3x3 binned 3191x2129); COLORS e2v CCD42-40 (5 s readout),unverified,FERVOR-M readout 15 ms (~67 fps),unverified,"FERVOR-M 10.2'x6.8', 0.19""/px; COLORS 7.85'x7.85', 0.23""/px","Tracking <0.1"" RMS/min; pointing <8"" RMS",unverified,As ES08,ADVANCED COMMISSIONING (first light 2025),As ES08,technically compatible equipment,https://ttt.iac.es/telescopes-instruments/ ; https://www.minorplanetcenter.net/iau/lists/ObsCodes.html ; https://raw.githubusercontent.com/oorb/oorb/master/data/OBSCODE.dat ; https://raw.githubusercontent.com/astropy/astropy-data/gh-pages/coordinates/sites.json,Flag: commissioning.
ES10,TTT4 2.0 m / FERVOR-M + COLORS,Spain,"Teide Observatory, Tenerife",28.299167,-16.509444,2390,"TTT site page (28d17m57s N, 16d30m34s W); altitude = Teide generic (astropy registry, 2390 m)",954,"MPC 954 (""Teide Observatory"") -> 28.2984, -16.5094, 2363 m; horizontal offset 0.09 km; dh -27 m; astropy registry ""teide"" -> 28.3000, -16.5097, 2390 m; horizontal offset 0.10 km; dh +0 m",2,Identical to TTT3,unverified,~67 fps (FERVOR-M),unverified,As ES09,As ES09,unverified,As ES08,COMMISSIONING (first light 2026),As ES08,technically compatible equipment,https://ttt.iac.es/telescopes-instruments/ ; https://www.minorplanetcenter.net/iau/lists/ObsCodes.html ; https://raw.githubusercontent.com/oorb/oorb/master/data/OBSCODE.dat ; https://raw.githubusercontent.com/astropy/astropy-data/gh-pages/coordinates/sites.json,Flag: commissioning.
ES11,Nordic Optical Telescope 2.56 m,Spain,"Roque de los Muchachos, La Palma",28.7573,-17.8851,2425,"Derived from MPC parallax constants for code Z23 (""Nordic Optical Telescope, La Palma""), WGS84; altitude precision ~+/-30-60 m",Z23,"adopted from MPC; astropy registry ""lapalma"" -> 28.7583, -17.8800, 2327 m; horizontal offset 0.51 km; dh -98 m",2.56,"ALFOSC, NOTCam, FIES, StanCam; visitor DIPol-UF (three-band high-speed polarimeter), SOFIN; LuckyCam retired",UV-optical-NIR,No dedicated fast imager offered (DIPol-UF high-speed polarimetry only),unverified,unverified,unverified,unverified,unverified,Operational,Spanish CAT / Nordic,candidate infrastructure,https://www.not.iac.es/instruments/ ; https://research.iac.es/OOCC/night-cat/ ; https://www.minorplanetcenter.net/iau/lists/ObsCodes.html ; https://raw.githubusercontent.com/oorb/oorb/master/data/OBSCODE.dat ; https://raw.githubusercontent.com/astropy/astropy-data/gh-pages/coordinates/sites.json,
ES12,William Herschel Telescope 4.2 m,Spain,"Roque de los Muchachos, La Palma",28.7602,-17.8824,2321,"Derived from MPC parallax constants for code 950 (""La Palma""), WGS84; altitude precision ~+/-30-60 m",950,"adopted from MPC; astropy registry ""lapalma"" -> 28.7583, -17.8800, 2327 m; horizontal offset 0.31 km; dh +6 m",4.2,"Only WEAVE offered; ACAM, ISIS, LIRIS and PF-QHY not offered; HiPERCAM/ULTRACAM listed as ""formerly visitor""",,No imaging instrument offered,,,unverified,unverified,unverified,Operational (WEAVE survey telescope),Spanish CAT / ING partners,candidate infrastructure,https://www.ing.iac.es/astronomy/instruments/ ; https://www.minorplanetcenter.net/iau/lists/ObsCodes.html ; https://raw.githubusercontent.com/oorb/oorb/master/data/OBSCODE.dat ; https://raw.githubusercontent.com/astropy/astropy-data/gh-pages/coordinates/sites.json,Effectively unavailable for lunar imaging unless a visitor instrument is accepted.
ES13,Isaac Newton Telescope 2.5 m,Spain,"Roque de los Muchachos, La Palma",28.7602,-17.8824,2321,"Derived from MPC parallax constants for code 950 (""La Palma""), WGS84; altitude precision ~+/-30-60 m",950,"adopted from MPC; astropy registry ""lapalma"" -> 28.7583, -17.8800, 2327 m; horizontal offset 0.31 km; dh +6 m",2.5,Only HARPS3 offered (WFC not listed as offered),,No imaging instrument offered,,,unverified,unverified,unverified,Operational (HARPS3),ING,candidate infrastructure,https://www.ing.iac.es/astronomy/instruments/ ; https://www.minorplanetcenter.net/iau/lists/ObsCodes.html ; https://raw.githubusercontent.com/oorb/oorb/master/data/OBSCODE.dat ; https://raw.githubusercontent.com/astropy/astropy-data/gh-pages/coordinates/sites.json,Effectively unavailable for lunar imaging.
ES14,Telescopio Nazionale Galileo 3.58 m,Spain,"Roque de los Muchachos, La Palma",28.7540,-17.8891,2386,"Derived from MPC parallax constants for code Z19 (""La Palma-TNG""), WGS84; altitude precision ~+/-30-60 m",Z19,"adopted from MPC; astropy registry ""lapalma"" -> 28.7583, -17.8800, 2327 m; horizontal offset 1.01 km; dh -59 m",3.58,unverified (no fast imager verified),unverified,unverified,unverified,unverified,unverified,unverified,unverified,Offered via Spanish CAT (2026),Spanish CAT / INAF,candidate infrastructure,https://research.iac.es/OOCC/night-cat/ ; https://www.minorplanetcenter.net/iau/lists/ObsCodes.html ; https://raw.githubusercontent.com/oorb/oorb/master/data/OBSCODE.dat ; https://raw.githubusercontent.com/astropy/astropy-data/gh-pages/coordinates/sites.json,unverified
ES15,TCS 1.52 m (Teide),Spain,"Teide Observatory, Tenerife",28.2984,-16.5094,2363,"Derived from MPC parallax constants for code 954 (""Teide Observatory""), WGS84; altitude precision ~+/-30-60 m",954,"adopted from MPC; astropy registry ""teide"" -> 28.3000, -16.5097, 2390 m; horizontal offset 0.18 km; dh +27 m",1.52,unverified,unverified,unverified,unverified,unverified,unverified,unverified,unverified,Open to Spanish CAT since 2024A,Spanish CAT,candidate infrastructure,https://research.iac.es/OOCC/night-cat/ ; https://www.minorplanetcenter.net/iau/lists/ObsCodes.html ; https://raw.githubusercontent.com/oorb/oorb/master/data/OBSCODE.dat ; https://raw.githubusercontent.com/astropy/astropy-data/gh-pages/coordinates/sites.json,unverified
ES16,IAC80 0.82 m (Teide),Spain,"Teide Observatory, Tenerife",28.2984,-16.5094,2363,"Derived from MPC parallax constants for code 954 (""Teide Observatory""), WGS84; altitude precision ~+/-30-60 m",954,"adopted from MPC; astropy registry ""teide"" -> 28.3000, -16.5097, 2390 m; horizontal offset 0.18 km; dh +27 m",0.82,unverified,unverified,unverified,unverified,unverified,unverified,unverified,unverified,Not offered through CAT since 2013A (contact Head of Telescope Operations),IAC direct,candidate infrastructure,https://research.iac.es/OOCC/night-cat/ ; https://www.minorplanetcenter.net/iau/lists/ObsCodes.html ; https://raw.githubusercontent.com/oorb/oorb/master/data/OBSCODE.dat ; https://raw.githubusercontent.com/astropy/astropy-data/gh-pages/coordinates/sites.json,unverified
ES17,ESA Optical Ground Station 1.0 m (Teide),Spain,"Teide Observatory, Tenerife",28.3010,-16.5118,2451,"Derived from MPC parallax constants for code J04 (""ESA Optical Ground Station, Tenerife""), WGS84; altitude precision ~+/-30-60 m",J04,"adopted from MPC; astropy registry ""teide"" -> 28.3000, -16.5097, 2390 m; horizontal offset 0.23 km; dh -61 m",1,unverified,unverified,unverified,unverified,unverified,unverified,unverified,unverified,unverified,ESA,candidate infrastructure,https://raw.githubusercontent.com/oorb/oorb/master/data/OBSCODE.dat ; https://www.minorplanetcenter.net/iau/lists/ObsCodes.html ; https://raw.githubusercontent.com/astropy/astropy-data/gh-pages/coordinates/sites.json,unverified; coordinates from MPC J04 only.
ZA01,SAAO 1.0 m / SHOC (Sutherland High-speed Optical Camera),South Africa,SAAO Sutherland,-32.3800,20.8110,1766,"Derived from MPC parallax constants for code K94 (""Sutherland""), WGS84; altitude precision ~+/-30-60 m",K94,"adopted from MPC; astropy registry ""salt"" -> -32.3758, 20.8108, 1798 m; horizontal offset 0.46 km; dh +32 m",1,"SHOC: Andor iXon 888 EMCCD, frame transfer (1024x1024 imaging area, 13 um)","Bessell UBVRI, SDSS u'g'r'i'z', Halpha (wide/narrow, redshifted), [OIII] 501 nm, BG38, Z; visitor filters accepted","Min cycle ~0.5 s full frame (lowest readout, binned) down to 0.01 s windowed/binned; readout 1/3/5/10 MHz; frame transfer (minimal dead time)","GPS-triggered (POP pulses; internal, external and external-start modes; accuracy in SHOC trigger-modes document, not retrieved)","2.85'x2.85'; 0.167""/px",EM mode only with explicit permission; bright signal can damage camera - start with low EM gain,unverified,unverified,Operating exclusively on the 1.0 m (2026 SHOC page),SAAO proposals (contact Head of Telescope Operations),technically compatible equipment,https://www.saao.ac.za/astronomers/shoc/ ; https://topswiki.saao.ac.za/index.php/SHOC ; https://www.minorplanetcenter.net/iau/lists/ObsCodes.html ; https://raw.githubusercontent.com/oorb/oorb/master/data/OBSCODE.dat ; https://raw.githubusercontent.com/astropy/astropy-data/gh-pages/coordinates/sites.json,"Mountable on 1.9 m and Lesedi (see ZA02, ZA03)."
ZA02,SAAO 1.9 m (SpUpNIC; SHOC-compatible),South Africa,SAAO Sutherland,-32.3800,20.8110,1766,"Derived from MPC parallax constants for code K94 (""Sutherland""), WGS84; altitude precision ~+/-30-60 m",K94,"adopted from MPC; astropy registry ""salt"" -> -32.3758, 20.8108, 1798 m; horizontal offset 0.46 km; dh +32 m",1.9,"SpUpNIC spectrograph; SHOC no longer offered on 1.9 m (FOV would be 1.29', or 2.79' with focal reducer)",,,,"SHOC: 1.29'x1.29' at 0.076""/px; 2.79' with reducer",unverified,unverified,unverified,Operational (SHOC not offered here in 2026),SAAO proposals,candidate infrastructure,https://www.saao.ac.za/astronomers/shoc/ ; https://www.saao.ac.za/astronomers/ ; https://www.minorplanetcenter.net/iau/lists/ObsCodes.html ; https://raw.githubusercontent.com/oorb/oorb/master/data/OBSCODE.dat ; https://raw.githubusercontent.com/astropy/astropy-data/gh-pages/coordinates/sites.json,Coordinates: generic Sutherland (MPC K94).
ZA03,SAAO Lesedi 1.0 m (Mookodi; SHOC-compatible),South Africa,SAAO Sutherland,-32.3798,20.8106,1807,"Derived from MPC parallax constants for code M28 (""Lesedi Telescope-SAAO Observatory, Sutherland""), WGS84; altitude precision ~+/-30-60 m",M28,"adopted from MPC; astropy registry ""salt"" -> -32.3758, 20.8108, 1798 m; horizontal offset 0.44 km; dh -9 m",1,"Mookodi; SHOC mountable (FOV 5.72'x5.72', 0.335""/px)",,SHOC-class if mounted,GPS-triggered if SHOC mounted,"SHOC: 5.72'x5.72'; 0.335""/px",unverified,unverified,unverified,Operational (SHOC currently on 1.0 m only),SAAO proposals,candidate infrastructure,https://www.saao.ac.za/astronomers/shoc/ ; https://topswiki.saao.ac.za/index.php/SHOC ; https://www.saao.ac.za/astronomers/ ; https://www.minorplanetcenter.net/iau/lists/ObsCodes.html ; https://raw.githubusercontent.com/oorb/oorb/master/data/OBSCODE.dat ; https://raw.githubusercontent.com/astropy/astropy-data/gh-pages/coordinates/sites.json,Largest SHOC FOV option.
ZA04,SALT ~11 m / SALTICAM,South Africa,SAAO Sutherland,-32.3756,20.8108,1751,"Derived from MPC parallax constants for code B31 (""Southern African Large Telescope, Sutherland""), WGS84; altitude precision ~+/-30-60 m",B31,"adopted from MPC; astropy registry ""salt"" -> -32.3758, 20.8108, 1798 m; horizontal offset 0.02 km; dh +47 m",11,"SALTICAM: two 2048x4102, 15 um CCDs; frame-transfer and slot modes","320-950 nm; Johnson-Cousins, Sloan, Stromgren, others","High time resolution down to 0.05 s (slot mode, practically no dead time)",GPS not mentioned (unverified),~10' diameter (full field),SALT fixed-elevation design and limited track windows (not verified in this pass); non-sidereal capability unverified,unverified (fixed-altitude telescope),unverified,Offered in calls for proposals (current status not explicit),SALT partner time,candidate infrastructure,https://astronomers.salt.ac.za/instruments/salticam/ ; https://www.minorplanetcenter.net/iau/lists/ObsCodes.html ; https://raw.githubusercontent.com/oorb/oorb/master/data/OBSCODE.dat ; https://raw.githubusercontent.com/astropy/astropy-data/gh-pages/coordinates/sites.json,"Nominal 11 m (effective pupil smaller; unverified). astropy registry: -32.375823, 20.810808, 1798 m."
ZA05,MeerLICHT 0.65 m,South Africa,SAAO Sutherland,-32.3799,20.8112,1883,"Derived from MPC parallax constants for code L66 (""MeerLICHT-1, Sutherland""), WGS84; altitude precision ~+/-30-60 m",L66,"adopted from MPC; astropy registry ""salt"" -> -32.3758, 20.8108, 1798 m; horizontal offset 0.45 km; dh -85 m",0.65,unverified (wide-field survey camera),unverified,unverified,unverified,unverified,unverified,unverified,unverified,unverified,MeerLICHT consortium,candidate infrastructure,https://raw.githubusercontent.com/oorb/oorb/master/data/OBSCODE.dat ; https://www.minorplanetcenter.net/iau/lists/ObsCodes.html ; https://raw.githubusercontent.com/astropy/astropy-data/gh-pages/coordinates/sites.json,unverified
ZA06,Boyden Observatory (University of the Free State),South Africa,"Boyden, 26 km E of Bloemfontein",-29.0381,26.4058,1407,"Derived from MPC parallax constants for code 074 (""Boyden Observatory, Bloemfontein""), WGS84; altitude precision ~+/-30-60 m",074,adopted from MPC,,unverified,unverified,unverified,unverified,unverified,unverified,unverified,unverified,Research station + public outreach (instrument status unverified),UFS,candidate infrastructure,https://www.ufs.ac.za/boyden ; https://raw.githubusercontent.com/oorb/oorb/master/data/OBSCODE.dat ; https://www.minorplanetcenter.net/iau/lists/ObsCodes.html,unverified
EG01,Kottamia Astronomical Observatory 1.88 m (NRIAG),Egypt,"Kottamia, ~80 km E of Cairo",29.933564,31.828223,450,NRIAG Kottamia overview page,088,"MPC 088 (""Kottomia"") -> 29.9340, 31.8277, 494 m; horizontal offset 0.07 km; dh +44 m",1.88,Grubb Parsons 74-inch reflector; CCD cameras and spectrograph (models unverified); 14-inch Celestron,unverified,unverified,unverified,unverified,Historic Apollo-era lunar work; current capability unverified,unverified,~250 net clear nights/yr (NRIAG page),Operational (current instrument status unverified),NRIAG (arrangement unverified),candidate infrastructure,https://www.nriag.sci.eg/overview-at-kottamia-astronomical-observatory/ ; https://raw.githubusercontent.com/oorb/oorb/master/data/OBSCODE.dat ; https://www.minorplanetcenter.net/iau/lists/ObsCodes.html,"Longitude close to Turkiye (similar lunar visibility windows). MPC M40 (OSTS-NRIAG, Kottamia) also exists."
MA01,TRAPPIST-North 0.6 m (Oukaimeden),Morocco,"Oukaimeden Observatory, High Atlas",31.2062,-7.8664,2777,"Derived from MPC parallax constants for code Z53 (""TRAPPIST-North, Oukaimeden""), WGS84; altitude precision ~+/-30-60 m",Z53,adopted from MPC,0.6,"0.6 m RC f/8 on Astelco NTM-500 GEM; Andor iKon-L BEX2-DD (e2v CCD42-40, 2048x2048, 13.5 um)","B, V, Rc, Ic, Sloan z; cometary narrow-band (OH, NH, CN, C3, C2, BC, GC, RC), Halpha",Readout 5 s / 3 s / 1.8 s (1/3/5 MHz),unverified,"20'x20'; 0.60""/px","Pointing 10""; unguided tracking 2""/4 min",unverified,unverified,unverified (page undated),Univ. Liege / Cadi Ayyad Univ.,candidate infrastructure,https://www.trappist.uliege.be/cms/c_5284752/fr/trappist-equipement ; https://raw.githubusercontent.com/oorb/oorb/master/data/OBSCODE.dat ; https://www.minorplanetcenter.net/iau/lists/ObsCodes.html,"Not fast; Oukaimeden hosts several other small telescopes (MPC Y67, Z01, Z02)."
ET01,Entoto Observatory (2 x 1.0 m),Ethiopia,"Entoto, Addis Ababa",,,,not verified,,,1,unverified,unverified,unverified,unverified,unverified,unverified,unverified,unverified,UNCERTAIN (SSGI website not renderable),SSGI,candidate infrastructure,https://ssgi.gov.et/,"unverified; approx. 9.1 N, 38.8 E, ~3200 m (from memory, unverified)."
US01,CFHT 3.6 m / WIRCam,USA (Hawaii),Maunakea,19.8254,-155.4689,4233,"Derived from MPC parallax constants for code T14 (""Canada-France-Hawaii Telescope, Maunakea""), WGS84; altitude precision ~+/-30-60 m",T14,"adopted from MPC; astropy registry ""cfht"" -> 19.8267, -155.4717, 4215 m; horizontal offset 0.32 km; dh -18 m",3.58,"WIRCam (four 2048x2048 HgCdTe arrays, 20'x20')",NIR; SMART-1 observed in H2 2.122 um (32 nm) filter,SMART-1 campaign: 10 s exposures with ~5 s gaps,unverified,20'x20' full; 2'x2' window used for SMART-1 (~200x200 km),"Flash saturated; CFHT notes WIRCam ""not designed to have such a big and bright light source close by""",unverified,unverified,WIRCam listed on instrument index (index page appears outdated; 2026 status unverified),CFHT partner agencies,candidate infrastructure,https://www.cfht.hawaii.edu/News/Smart1/ ; https://www.cfht.hawaii.edu/Instruments/ ; https://raw.githubusercontent.com/astropy/astropy-data/gh-pages/coordinates/sites.json ; https://www.minorplanetcenter.net/iau/lists/ObsCodes.html ; https://raw.githubusercontent.com/oorb/oorb/master/data/OBSCODE.dat,"Precedent: detected SMART-1 impact flash (3 Sep 2006) and ~130 s of ejecta evolution. astropy registry: 19.8267 N, 155.4717 W, 4215 m."
US02,IRTF 3.0 m / MORIS (co-mounted with SpeX),USA (Hawaii),Maunakea,19.8262,-155.4720,4197,"Derived from MPC parallax constants for code T13 (""NASA Infrared Telescope Facility, Maunakea""), WGS84; altitude precision ~+/-30-60 m",T13,"adopted from MPC; astropy registry ""irtf"" -> 19.8262, -155.4720, 4168 m; horizontal offset 0.00 km; dh -29 m",3,"MORIS visible imager: Andor iXon Ultra 897 EMCCD (since Nov 2016), co-mounted with SpeX via dichroic; TM-4 GPS unit",Visible (filters unverified) + SpeX NIR in parallel,unverified (EMCCD; frame rate not retrieved),GPS (TM-4 unit; accuracy unverified),unverified,Non-sidereal capability not verified in this pass,unverified,unverified,Documented on IRTF pages (2026 availability unverified),NASA IRTF proposals (ToO policy unverified),technically compatible equipment,https://irtfweb.ifa.hawaii.edu/~moris/ ; https://irtfweb.ifa.hawaii.edu/~moris/user/ ; https://raw.githubusercontent.com/astropy/astropy-data/gh-pages/coordinates/sites.json ; https://www.minorplanetcenter.net/iau/lists/ObsCodes.html ; https://raw.githubusercontent.com/oorb/oorb/master/data/OBSCODE.dat,"Simultaneous visible (MORIS) + NIR (SpeX) is attractive for flash temperature. Label provisional. astropy registry: 19.826218 N, 155.471999 W, 4168 m."
US03,Gemini North 8.1 m / 'Alopeke,USA (Hawaii),Maunakea,19.8238,-155.4691,4242,"Derived from MPC parallax constants for code T15 (""Gemini North Observatory, Maunakea""), WGS84; altitude precision ~+/-30-60 m",T15,"adopted from MPC; astropy registry ""gemini_north"" -> 19.8238, -155.4690, 4213 m; horizontal offset 0.01 km; dh -29 m",8.1,'Alopeke dual-channel speckle imager (details unverified; gemini.edu returned 403),unverified,unverified,unverified,unverified,unverified,unverified,unverified,unverified,Gemini partners,candidate infrastructure,https://raw.githubusercontent.com/astropy/astropy-data/gh-pages/coordinates/sites.json ; https://raw.githubusercontent.com/oorb/oorb/master/data/OBSCODE.dat ; https://www.minorplanetcenter.net/iau/lists/ObsCodes.html,unverified
US04,Subaru 8.2 m,USA (Hawaii),Maunakea,19.8255,-155.4760,4195,"Derived from MPC parallax constants for code T09 (""Subaru Telescope, Maunakea""), WGS84; altitude precision ~+/-30-60 m",T09,"adopted from MPC; astropy registry ""Subaru"" -> 19.8256, -155.4761, 4139 m; horizontal offset 0.01 km; dh -56 m",8.2,unverified (no fast imager verified),unverified,unverified,unverified,unverified,unverified,unverified,unverified,unverified,NAOJ / partners,candidate infrastructure,https://raw.githubusercontent.com/astropy/astropy-data/gh-pages/coordinates/sites.json ; https://raw.githubusercontent.com/oorb/oorb/master/data/OBSCODE.dat ; https://www.minorplanetcenter.net/iau/lists/ObsCodes.html,unverified
US05,LCO 2 m FTN / MuSCAT3,USA (Hawaii),Haleakala,20.7070,-156.2575,3044,"Derived from MPC parallax constants for code F65 (""Haleakala-Faulkes Telescope North""), WGS84; altitude precision ~+/-30-60 m",F65,"adopted from MPC; astropy registry ""haleakala"" -> 20.7155, -156.1690, 3048 m; horizontal offset 9.25 km; dh +4 m",2,MuSCAT3 4-band simultaneous imager,"SDSS g', r', i', zs (fixed)",Overhead 6 s (or 46 s) per frame,unverified,"9.1'x9.1'; 0.27""/px",LCO lunar-distance / non-sidereal rules not verified,unverified,unverified,Operational,LCO network partners / proposals,candidate infrastructure,https://lco.global/observatory/instruments/ ; https://raw.githubusercontent.com/oorb/oorb/master/data/OBSCODE.dat ; https://www.minorplanetcenter.net/iau/lists/ObsCodes.html ; https://raw.githubusercontent.com/astropy/astropy-data/gh-pages/coordinates/sites.json,Too slow for flash; possible multi-band ejecta imaging at >=6 s cadence.
US06,Apache Point 3.5 m / Agile high-speed camera,USA,"Apache Point Observatory, New Mexico",32.7805,-105.8206,2791,"Derived from MPC parallax constants for code 705 (""Apache Point""), WGS84; altitude precision ~+/-30-60 m",705,"adopted from MPC; astropy registry ""apo"" -> 32.7800, -105.8200, 2798 m; horizontal offset 0.08 km; dh +7 m",3.5,"Agile: e2v CCD47-20 frame transfer, 1024x1024, 13 um",Square filters from APO inventory (Sloan set dedicated),~1.1 s full frame at 1 MHz (~10.7 s at 100 kHz); faster with windowing,"GPS hardware trigger; relative <1 ms, absolute ~1 ms","2.2'x2.2' with reducer (0.258""/px 2x2); 1.3'x1.3' without",unverified,unverified,unverified,"UNCERTAIN - page last updated 23 Feb 2016 (""active and available"" then)",ARC consortium,technically compatible equipment,https://www.apo.nmsu.edu/arc35m/Instruments/AGILE/ ; https://raw.githubusercontent.com/astropy/astropy-data/gh-pages/coordinates/sites.json ; https://www.minorplanetcenter.net/iau/lists/ObsCodes.html ; https://raw.githubusercontent.com/oorb/oorb/master/data/OBSCODE.dat,"Flag: status uncertain. astropy registry: 32.78 N, 105.82 W, 2798 m."
US07,Palomar 5.1 m Hale / CHIMERA,USA,"Palomar Mountain, California",33.3541,-116.8625,1696,"Derived from MPC parallax constants for code 675 (""Palomar Mountain""), WGS84; altitude precision ~+/-30-60 m",675,"adopted from MPC; astropy registry ""Palomar"" -> 33.3560, -116.8630, 1706 m; horizontal offset 0.22 km; dh +10 m",5.1,CHIMERA (details unverified; Palomar pages 403/404),unverified,unverified,unverified,unverified,unverified,unverified,unverified,unverified,Caltech / partners,candidate infrastructure,https://raw.githubusercontent.com/astropy/astropy-data/gh-pages/coordinates/sites.json ; https://raw.githubusercontent.com/oorb/oorb/master/data/OBSCODE.dat ; https://www.minorplanetcenter.net/iau/lists/ObsCodes.html,unverified
CL01,ESO NTT 3.58 m / ULTRACAM (visitor),Chile,La Silla,-29.2588,-70.7337,2345,"Derived from MPC parallax constants for code 809 (""European Southern Observatory, La Silla""), WGS84; altitude precision ~+/-30-60 m",809,"adopted from MPC; astropy registry ""lasilla"" -> -29.2567, -70.7300, 2347 m; horizontal offset 0.43 km; dh +2 m",3.58,ULTRACAM (details not verified; ESO page 404),unverified,unverified,unverified,unverified,unverified,unverified,unverified,UNCERTAIN - 2026 La Silla instrument list shows NTT with SOXS (Nasmyth A) and EFOSC2 (Nasmyth B) only,ESO / ULTRACAM team,candidate infrastructure,https://www.eso.org/sci/facilities/lasilla/instruments.html ; https://www.minorplanetcenter.net/iau/lists/ObsCodes.html ; https://raw.githubusercontent.com/oorb/oorb/master/data/OBSCODE.dat ; https://raw.githubusercontent.com/astropy/astropy-data/gh-pages/coordinates/sites.json,"Flag: status uncertain. astropy registry: -29.2567, -70.73, 2347 m."
CL02,Danish 1.54 m,Chile,La Silla,-29.2579,-70.7375,2369,"Derived from MPC parallax constants for code W74 (""Danish Telescope, La Silla""), WGS84; altitude precision ~+/-30-60 m",W74,"adopted from MPC; astropy registry ""lasilla"" -> -29.2567, -70.7300, 2347 m; horizontal offset 0.74 km; dh -22 m",1.54,DFOSC (lucky-imaging EMCCD not verified),unverified,unverified,unverified,unverified,unverified,unverified,unverified,"In use (GRB follow-up, photometry, comets)",Danish consortium,candidate infrastructure,https://www.eso.org/public/teles-instr/lasilla/danish154/ ; https://www.minorplanetcenter.net/iau/lists/ObsCodes.html ; https://raw.githubusercontent.com/oorb/oorb/master/data/OBSCODE.dat ; https://raw.githubusercontent.com/astropy/astropy-data/gh-pages/coordinates/sites.json,ESO page altitude 2375 m.
CL03,Gemini South 8.1 m / Zorro,Chile,Cerro Pachon,-30.2406,-70.7366,2715,"Derived from MPC parallax constants for code I11 (""Gemini South Observatory, Cerro Pachon""), WGS84; altitude precision ~+/-30-60 m",I11,"adopted from MPC; astropy registry ""gemini_south"" -> -30.2407, -70.7367, 2750 m; horizontal offset 0.02 km; dh +35 m",8.1,Zorro dual-channel speckle imager (details unverified; gemini.edu 403),unverified,unverified,unverified,unverified,unverified,unverified,unverified,unverified,Gemini partners,candidate infrastructure,https://raw.githubusercontent.com/astropy/astropy-data/gh-pages/coordinates/sites.json ; https://raw.githubusercontent.com/oorb/oorb/master/data/OBSCODE.dat ; https://www.minorplanetcenter.net/iau/lists/ObsCodes.html,"unverified; astropy: -30.2407, -70.7367, 2750 m."
CL04,SOAR 4.1 m,Chile,Cerro Pachon,-30.2379,-70.7337,2776,"Derived from MPC parallax constants for code I33 (""SOAR, Cerro Pachon""), WGS84; altitude precision ~+/-30-60 m",I33,adopted from MPC,4.1,unverified,unverified,unverified,unverified,unverified,unverified,unverified,unverified,unverified,NOIRLab / partners,candidate infrastructure,https://raw.githubusercontent.com/oorb/oorb/master/data/OBSCODE.dat ; https://www.minorplanetcenter.net/iau/lists/ObsCodes.html,unverified
CL05,Blanco 4 m / DECam,Chile,Cerro Tololo,-30.1696,-70.8064,2203,"Derived from MPC parallax constants for code W84 (""Cerro Tololo-DECam""), WGS84; altitude precision ~+/-30-60 m",W84,adopted from MPC,4,DECam (wide-field; not a fast camera - details unverified),unverified,unverified,unverified,unverified,unverified,unverified,unverified,unverified,NOIRLab,candidate infrastructure,https://raw.githubusercontent.com/oorb/oorb/master/data/OBSCODE.dat ; https://www.minorplanetcenter.net/iau/lists/ObsCodes.html,unverified
CL06,VLT UT4 8.2 m / HAWK-I,Chile,Cerro Paranal,-24.6272,-70.4043,2637,"Derived from MPC parallax constants for code 309 (""Cerro Paranal""), WGS84; altitude precision ~+/-30-60 m",309,"adopted from MPC; astropy registry ""paranal"" -> -24.6274, -70.4050, 2669 m; horizontal offset 0.07 km; dh +32 m",8.2,HAWK-I (4x HAWAII-2RG 2048x2048) at UT4 Nasmyth A,"Y, J, H, K + NB incl. Br-gamma, CH4, H2 (2.12 um), 1.061, 1.187, 2.090 um",Fast modes not stated on page (unverified),unverified,"7.5'x7.5' (15"" cross gap); 0.106""/px",unverified,unverified,unverified,Installed (2026 page),ESO proposals / DDT,candidate infrastructure,https://www.eso.org/sci/facilities/paranal/instruments/hawki.html ; https://raw.githubusercontent.com/astropy/astropy-data/gh-pages/coordinates/sites.json ; https://www.minorplanetcenter.net/iau/lists/ObsCodes.html ; https://raw.githubusercontent.com/oorb/oorb/master/data/OBSCODE.dat,"H2 2.12 um filter matches the CFHT SMART-1 detection band. astropy: -24.6274, -70.4050, 2669 m."
CL07,"Las Campanas (Magellan 6.5 m, du Pont, Swope)",Chile,Las Campanas,-29.0146,-70.6914,2385,"Derived from MPC parallax constants for code 304 (""Las Campanas Observatory""), WGS84; altitude precision ~+/-30-60 m",304,"adopted from MPC; astropy registry ""lco"" -> -29.0033, -70.7017, 2282 m; horizontal offset 1.60 km; dh -103 m",6.5,unverified,unverified,unverified,unverified,unverified,unverified,unverified,unverified,unverified,Carnegie / partners,candidate infrastructure,https://raw.githubusercontent.com/astropy/astropy-data/gh-pages/coordinates/sites.json ; https://raw.githubusercontent.com/oorb/oorb/master/data/OBSCODE.dat ; https://www.minorplanetcenter.net/iau/lists/ObsCodes.html,unverified
GL01,LCO 1 m network / Sinistro,Global,LCO 1 m sites (multi-site; site list not verified),,,,multi-site,,,1,Sinistro CCD imagers,21 filters,Overhead 28 s per frame,unverified,"26'x26'; 0.389""/px",unverified,unverified,unverified,Operational,LCO partners / proposals,candidate infrastructure,https://lco.global/observatory/instruments/,Not suitable for flash; longitude coverage useful for slow ejecta follow-up.
GL02,LCO 0.4 m network / QHY600,Global,LCO 0.4 m sites (multi-site),,,,multi-site,,,0.4,QHY600 CMOS on Delta Rho 350,"13 filters (Johnson-Cousins, SDSS/Pan-STARRS)",Overhead 4 s per frame,unverified,"1.9 x 1.2 deg; ~0.74""/px",unverified,unverified,unverified,Operational,LCO partners / proposals,candidate infrastructure,https://lco.global/observatory/instruments/,
TH01,Thai National Telescope 2.4 m / ULTRASPEC,Thailand,"Thai National Observatory, Doi Inthanon",18.573725,98.482194,2457,Dhillon et al. 2014 (ULTRASPEC paper),,"astropy registry ""TNO"" -> 18.5906, 98.4867, 2457 m; horizontal offset 1.93 km; dh +0 m",2.4,ULTRASPEC: e2v CCD201-20 1024x1024 frame-transfer EMCCD (normal + avalanche outputs),330-1000 nm; SDSS u'g'r'i'z' + broad/narrow-band (6-position wheel),Full frame 3.8-12.8 s; windowed ~20 Hz typical; up to ~200 Hz in drift mode; dead time 14.9 ms (0.3 ms in drift mode),GPS-synchronised; absolute timestamps better than 1 ms,"7.7'x7.7'; 0.45""/px","Avalanche output saturates at ~80 e-/px (keep <20 e-/px) - use normal output on bright lunar background; alt-az, slew 4 deg/s, pointing <3"", unguided tracking <0.5""/10 min; non-sidereal unverified",unverified,"Operated Nov-Apr (best Dec-Mar); ~75% clear nights in peak season; median seeing ~0.9""",ULTRASPEC first light Nov 2013; 2026 status unverified,NARIT (calls unverified),technically compatible equipment,https://arxiv.org/abs/1408.2733 ; https://arxiv.org/pdf/1408.2733 ; https://raw.githubusercontent.com/astropy/astropy-data/gh-pages/coordinates/sites.json,"Monsoon closure (May-Oct) excludes part of the AYAP-1 window. astropy registry gives 18.5906 N, 98.4867 E, 2457 m (site-level)."
JP01,Seimei 3.8 m / TriCCS,Japan,"Okayama Observatory (Kyoto Univ.), Asakuchi",34.577075,133.593956,370,astropy registry Okayama Astrophysical Observatory (proxy for adjacent Seimei site; unverified),371,"MPC 371 (""Tokyo-Okayama"") -> 34.5739, 133.5965, 356 m; horizontal offset 0.42 km; dh -14 m; astropy registry ""OAO"" -> 34.5771, 133.5940, 370 m; horizontal offset 0.00 km; dh +0 m",3.8,TriCCS three-band simultaneous CMOS camera (14-bit),"g2, r2, i2 or g2, r2, z (new filters since 8 Aug 2022)",Up to 98 fps full-frame readout (2027A); partial readout not offered to general users,"""The absolute time in the fits header is occasionally inaccurate"" - external GPS reference needed",unverified,unverified,unverified,unverified,TriCCS offered shared-risk in 2027A; Seimei completed Aug 2018,Seimei open use (shared-risk 2027A); 18-month proprietary period,technically compatible equipment,http://www.o.kwasan.kyoto-u.ac.jp/inst/triccs/ ; https://www.o.kwasan.kyoto-u.ac.jp/inst/triccs/inst-info/index.html ; https://www.kusastro.kyoto-u.ac.jp/psmt/ ; https://www.minorplanetcenter.net/iau/lists/ObsCodes.html ; https://raw.githubusercontent.com/oorb/oorb/master/data/OBSCODE.dat ; https://raw.githubusercontent.com/astropy/astropy-data/gh-pages/coordinates/sites.json,Data volume: 10 fps x 8 h ~5.2 TB.
JP02,Kiso 1.05 m Schmidt / Tomo-e Gozen,Japan,"Kiso Observatory (Univ. Tokyo), Nagano",35.7972,137.6254,1175,"Derived from MPC parallax constants for code 381 (""Tokyo-Kiso""), WGS84; altitude precision ~+/-30-60 m",381,adopted from MPC,1.05,"Tomo-e Gozen: 84 CMOS sensors, 190 Mpix",unverified (broad optical),2 fps full frame; up to 160 fps partial-frame,"GPS, absolute time accuracy 0.2 ms",20 deg2 total,Survey-optimised wide field (strong scattered light near Moon expected; policy unverified),Survey uses elevation >35 deg,Rainy season June-September,UNCERTAIN for 2026 - status page shows data to Oct 2021,Univ. Tokyo (collaboration),technically compatible equipment,https://tomoe.mtk.ioa.s.u-tokyo.ac.jp/ ; https://tomoe.mtk.ioa.s.u-tokyo.ac.jp/status.html ; https://www.minorplanetcenter.net/iau/lists/ObsCodes.html ; https://raw.githubusercontent.com/oorb/oorb/master/data/OBSCODE.dat,~17 mag per frame; 30 TB/night. Flag: status uncertain.
AU01,LCO 2 m FTS (Siding Spring),Australia,Siding Spring Observatory,-31.2728,149.0709,1154,"Derived from MPC parallax constants for code E10 (""Siding Spring-Faulkes Telescope South""), WGS84; altitude precision ~+/-30-60 m",E10,"adopted from MPC; astropy registry ""sso"" -> -31.2734, 149.0612, 1149 m; horizontal offset 0.92 km; dh -5 m",2,MuSCAT-class 4-band imager (MuSCAT4 not verified; LCO page lists MuSCAT3 specs),"g', r', i', zs (if MuSCAT-class)",~6 s overhead (MuSCAT3 value),unverified,~9.1' (MuSCAT3 value),unverified,unverified,unverified,unverified,LCO,candidate infrastructure,https://lco.global/observatory/instruments/ ; https://raw.githubusercontent.com/oorb/oorb/master/data/OBSCODE.dat ; https://www.minorplanetcenter.net/iau/lists/ObsCodes.html ; https://raw.githubusercontent.com/astropy/astropy-data/gh-pages/coordinates/sites.json,unverified
AU02,Anglo-Australian Telescope 3.9 m,Australia,Siding Spring Observatory,-31.277039,149.066086,1164,astropy registry (aao),413,"MPC 413 (""Siding Spring Observatory"") -> -31.2771, 149.0661, 1164 m; horizontal offset 0.00 km; dh +0 m; astropy registry ""aao"" -> -31.2770, 149.0661, 1164 m; horizontal offset 0.00 km; dh +0 m",3.9,unverified (no fast imager verified),unverified,unverified,unverified,unverified,unverified,unverified,unverified,unverified,unverified,candidate infrastructure,https://raw.githubusercontent.com/astropy/astropy-data/gh-pages/coordinates/sites.json ; https://raw.githubusercontent.com/oorb/oorb/master/data/OBSCODE.dat ; https://www.minorplanetcenter.net/iau/lists/ObsCodes.html,unverified
AU03,ANU 2.3 m,Australia,Siding Spring Observatory,-31.2771,149.0661,1164,"Derived from MPC parallax constants for code 413 (""Siding Spring Observatory""), WGS84; altitude precision ~+/-30-60 m",413,"adopted from MPC; astropy registry ""sso"" -> -31.2734, 149.0612, 1149 m; horizontal offset 0.62 km; dh -15 m",2.3,unverified,unverified,unverified,unverified,unverified,unverified,unverified,unverified,unverified,ANU,candidate infrastructure,https://raw.githubusercontent.com/oorb/oorb/master/data/OBSCODE.dat ; https://www.minorplanetcenter.net/iau/lists/ObsCodes.html ; https://raw.githubusercontent.com/astropy/astropy-data/gh-pages/coordinates/sites.json,unverified; generic SSO coordinates.
NZ01,Mt John Observatory (Univ. Canterbury) 1.8 m MOA / 1.0 m McLellan,New Zealand,"Mt John, Lake Tekapo",-43.9874,170.4650,1027,"Derived from MPC parallax constants for code 474 (""Mount John Observatory, Lake Tekapo""), WGS84; altitude precision ~+/-30-60 m",474,adopted from MPC,1.8,unverified (UC page 404),unverified,unverified,unverified,unverified,unverified,unverified,unverified,unverified,Univ. Canterbury,candidate infrastructure,https://raw.githubusercontent.com/oorb/oorb/master/data/OBSCODE.dat ; https://www.minorplanetcenter.net/iau/lists/ObsCodes.html,unverified
GL03,Unistellar citizen network (eVscope / Odyssey),Global,Distributed (citizen observers),,,,distributed,,,0.114,Unistellar smart telescopes (specs not on science page; unverified),unverified,unverified,unverified,unverified,unverified,,,"Active campaigns (occultations, planetary defense, exoplanets, comets, cosmic cataclysms, satellites); no lunar-impact programme listed",Citizen-science campaigns,candidate infrastructure,https://science.unistellar.com/,Aperture 0.114 m from general knowledge (unverified).
GL04,Portable GPS-timed CMOS station (QHY174M-GPS class on 0.2-0.4 m SCT),Global,Deployable,,,,deployable,,,0.35,"QHY174GPS / QHY174M-GPS (Sony IMX174 global shutter, 1920x1200, 5.86 um)",Unfiltered or I/z-band filtered (user choice),"138 fps full frame (8-bit), 75 fps (16-bit), up to 305 fps ROI (manufacturer)","GPS, 1 us timestamps of exposure start/end (manufacturer)","e.g. 0.35 m f/10 + 0.63x reducer: ~0.55""/px, ~17'x11' (computed, illustrative)",Requires lunar-rate tracking (most amateur mounts support),site-dependent,site-dependent,Commercially available (2026),Purchase/deploy,technically compatible equipment,https://www.qhyccd.com/qhy174gps/,Generic configuration for Turkish university/amateur stations; same camera already installed as T100 guider (TR04).
GL05,MIDAS-type video station (Watec 902H-class + GPS time inserter on 0.28-0.40 m SCT/Newtonian),Global,Deployable,,,,deployable,,,0.36,"Analogue CCD video camera (Watec 902H Ultimate, ICX439ALL) + GPS time inserter + f/3.3 reducer",~400-900 nm,25 fps (PAL interlaced),0.01 s per frame (GPS inserter),~4-8 x10^6 km2 of lunar surface per telescope (Madiedo et al. 2019),Avoid terminator (saturation),site-dependent,site-dependent,Proven architecture (MIDAS 2009-2019+); Watec analogue cameras may be discontinued (unverified),Build/deploy,technically compatible equipment,https://arxiv.org/pdf/1503.05227 ; https://arxiv.org/pdf/1905.04487,Proven low-cost template; modern equivalent = GL04.
