event,type,event_time_utc,event_time_basis,lat_deg,lon_degE,first_post_event_NAC_image_utc,first_image_basis,first_public_release_date,release_basis,days_event_to_first_image,days_event_to_release,feature_size,notes,source_urls
GRAIL A/B (Ebb/Flow) end-of-mission impacts,"planned impact (2 x ~200 kg, ~1.6-1.7 km/s, ~2 deg grazing)",2012-12-17T22:28:51Z,LROC: 14:28 PST; time from Wikipedia (secondary),75.609,333.407,2013-02-28,stated date (LROC 596); time unknown; time of day unknown (12:00 UTC assumed for day count),2013-03-19,LROC post date,72.6,92,"two craters ~5 m diameter, 2210 m apart",High-latitude site (75.6N); LAMP viewed impact plume in real time (pre-planned) [secondary source: Wikipedia GRAIL]; reason for 73-d imaging delay not stated,https://lroc.im-ldi.com/images/596 ; https://en.wikipedia.org/wiki/GRAIL
LADEE end-of-mission impact,"planned impact (~248 kg, 1699 m/s, farside, east rim of Sundman V)",2014-04-18T04:30:00Z,Wikipedia window 04:30-05:22 UTC (secondary),11.8494,266.7507,2014-08-19T05:50:00Z,INFERRED from NAC ID M1163066820 (MET); date not stated on page,2014-10-28,NASA release + LROC post,123.1,193,crater <3 m (NASA); ~1.8 m expected (LROC); ejecta >200 m downrange,295 m from predicted point; small crater hard to find among fresh craters,https://lroc.im-ldi.com/images/822 ; https://www.nasa.gov/missions/lro/nasas-lro-spacecraft-captures-images-of-ladees-impact-crater/
Beresheet (SpaceIL) failed landing,uncontrolled impact (~1 km/s too fast; <10 deg),2019-04-11T19:23:00Z,date stated (LROC); time external/unverified,32.5956,19.3496,2019-04-22,stated: 'LRO passed overhead 11 days later'; time of day unknown (12:00 UTC assumed for day count),2019-05-15,LROC post date,10.7,34,dark smudge ~10 m; disturbed zone 30-50 m; ray ~100 m,,https://lroc.im-ldi.com/images/1101
Longjiang-2 (DSLWP-B) end-of-mission impact,"impact (microsat, farside, Van Gent crater)",2019-07-31T14:20:00Z,date stated (LROC); time external/unverified,16.6956,159.517,2019-10-05,"stated date (LROC 1132), altitude 122 km; time of day unknown (12:00 UTC assumed for day count)",2019-11-14,LROC post date,65.9,106,crater 4 x 5 m,found 328 m from estimated site via temporal pair,https://lroc.im-ldi.com/images/1132
Chandrayaan-2 Vikram failed landing,uncontrolled impact (south polar highlands),2019-09-06T20:23:00Z,LROC: 7 Sep India/6 Sep US; time external/unverified,-70.881,22.784,2019-09-17,"stated date (LROC 1131): 1.3 m pixels, inc 84 deg (poor light); time of day unknown (12:00 UTC assumed for day count)",2019-09-26,first mosaic released 26 Sep; debris confirmed and released 2 Dec 2019,10.7,20,debris field; pieces ~2x2 px; debris ~750 m NW of crash site,"Final identification (citizen S. Subramanian + LROC) used 11 Nov 2019 images (0.7 m, inc 72 deg); confirmation release 2019-12-02",https://lroc.im-ldi.com/images/1131
CE5-T1 (Long March 3C) upper stage,"uncontrolled rocket-body impact (farside, near Hertzsprung)",2022-03-04T12:25:00Z,date stated (LROC); time external/unverified,5.226,234.486,2022-05-21,stated date of after image (M1407760984R); location had to be searched; time of day unknown (12:00 UTC assumed for day count),2022-06-23,LROC post date (NASA release 24 Jun 2022 not fetched),78.0,111,double crater 18 m + 16 m (29 m max width),before image 2022-02-28,https://lroc.im-ldi.com/images/1261
HAKUTO-R Mission 1 (ispace) failed landing,uncontrolled impact,2023-04-25T16:40:00Z,stated: 12:40 p.m. EDT (LROC),47.581,44.094,2023-04-26T06:57:00Z,"stated date (10 images, 26 Apr 2023); time INFERRED from NAC ID",2023-05-23,LROC post date,0.6,28,reflectance change ~60-80 m; >=4 debris pieces,ten images over ~40 x 45 km search area,https://lroc.im-ldi.com/images/1302
Luna 25 failed landing,uncontrolled impact (inner rim Pontecoulant G),2023-08-19T11:58:00Z,stated (LROC/NASA),-57.865,61.36,2023-08-24T18:15:00Z,stated (sequence 18:15-22:12 UTC),2023-08-31,NASA release (LROC listing shows 29 Nov 2023 post date),5.3,12,crater ~10 m,before image June 2022,https://lroc.im-ldi.com/images/1311 ; https://www.nasa.gov/humans-in-space/nasas-lro-observes-crater-likely-from-luna-25-impact/
ispace Mission 2 RESILIENCE hard landing,uncontrolled impact,2025-06-05T18:13:00Z,stated (LROC),60.4445,355.412,2025-06-11T23:21:00Z,INFERRED from NAC ID M1504323448 (date not stated on page),2025-06-20,LROC post date,6.2,15,dark smudge with subtle bright halo (size not stated),"before image M1488987034R (~Dec 2024, inferred)",https://lroc.im-ldi.com/images/1456
"Falcon 9 upper stage (Blue Ghost M1 launch, 15 Jan 2025)",uncontrolled rocket-body impact (~31 deg from horizontal; west limb/farside near Einstein),2026-08-05T06:35:00Z,stated (LROC),19.4759,266.7138,2026-08-11T12:39:00Z,stated date 11 Aug (LROC/NASA); time INFERRED from NAC ID,2026-08-18,NASA + LROC release,6.3,13,"crater 18 m diameter, <3 m deep; V-shaped ejecta to south",Danuri LUTI imaged crater 'a few hours later' (first orbital image); CNEOS prediction accurate to ~0.6 mi; LRO: 5 consecutive orbits (slews 23/11/4/17/28 deg) + 68 deg oblique,https://science.nasa.gov/solar-system/moon/nasas-lro-images-falcon-9-crater-on-moon-learns-new-details/ ; https://lroc.im-ldi.com/images/1499 ; https://www.nasa.gov/humans-in-space/commercial-space/nasa-will-attempt-to-observe-rocket-parts-lunar-impact/
JAXA SLIM landing (context),soft landing,2024-01-19T15:20:00Z,stated (LROC),-13.316,25.251,2024-01-24T12:37:00Z,"stated 'five days later' (alt ~80 km, inc 14 deg); time INFERRED",2024-01-26,LROC post date,4.9,7,n/a (lander),,https://lroc.im-ldi.com/images/1358
Intuitive Machines IM-1 landing (context),soft/tipped landing (80.13 S),2024-02-22T23:23:53Z,stated (LROC),-80.13,1.44,2024-02-24T18:57:00Z,stated (LROC); 89 cm/pixel,2024-02-26,LROC post date,1.8,4,n/a,,https://lroc.im-ldi.com/images/1360
Chang'e 6 landing (context),soft landing (farside),2024-06-01T22:23:00Z,date stated (LROC); time external/unverified,-41.6385,206.0148,2024-06-07T14:41:00Z,stated date 07 Jun 2024; time INFERRED; 85 cm/pixel,2024-06-14,LROC post date,5.7,13,n/a,,https://lroc.im-ldi.com/images/1374
Firefly Blue Ghost M1 landing (context),soft landing,2025-03-02T08:34:00Z,date stated (LROC); time external/unverified,18.5623,61.8103,2025-03-02T17:49:00Z,stated (LROC 1406): oblique from 175 km east,2025-03-04,LROC post date ('Blue Ghost Seen Obliquely'),0.4,2,n/a,,https://lroc.im-ldi.com/images/1406 ; https://lroc.im-ldi.com/images/1407
Intuitive Machines IM-2 Athena landing (context),tipped landing (84.79 S),2025-03-06T17:30:00Z,date stated (LROC); time external/unverified,-84.7906,29.1957,2025-03-07T16:54:21Z,stated in caption (~23.5 h after touchdown); NOTE NAC ID implies 2025-03-06 ~17:46 UTC - inconsistency unresolved,2025-03-10,LROC post date,1.0,4,n/a (lander in 20 m crater),,https://lroc.im-ldi.com/images/1408
"McGetchin crater (natural, context)",natural impact (222 m crater),2024-04-11,window 11 Apr - 22 May 2024 (NASA); window start used for day count,1.3536,67.1765,2025-12-05,NASA: NAC images 5 Dec 2025 and 3 Mar 2026; discovered in WAC temporal ratio 24 Oct 2025; date only (00:00 assumed for day count),2026-09-16,NASA + LROC release,603.0,888,"222 m diameter, 43 m deep; Diviner cold spot ~4 mi",shows WAC-based discovery latency of ~17 months for an unannounced natural impact,https://science.nasa.gov/solar-system/moon/nasas-moon-orbiter-spots-new-once-in-century-moon-crater/ ; https://lroc.im-ldi.com/images/1501
