event,impact_utc,impact_mass,speed,incidence_from_horizontal,target_assumptions,geometry,observatory_instrument,band,cadence_exposure,result,processing_required,reference,ref_type,verification
SMART-1 (ESA),2006-09-03 05:42:21.759 [V ESA],"~285 kg [U, task brief]; 366 kg at launch [V ESA]",~2 km/s [V ESA],~1 deg grazing [V ESA],edge of Lacus Excellentiae; slopes of a mountain near Lehmann C / Drebbel D [V Veillet & Foing 2007],"34.26S 46.19W (ESA: 34.4S 46.2W); night side ~9 deg past terminator (SZA 99 deg), Earthshine-lit; 55 deg from sub-Earth pt (well placed); Moon 73% lit [C]","CFHT 3.6 m / WIRCam (4x HAWAII-2RG, 0.3""/pix ~0.5 km/pix)","H2 1-0 S(1) narrowband: 2122 nm, 32 nm BW [V ESA caption]; abstract says ~2130 nm, 40 nm BW [V Veillet & Foing]","10 s exposures, ~5 s gaps (~15 s cycle); sequence ~-20 to +40 min","DETECTED flash: saturated/'extremely over-exposed', elongated to S along motion, diffraction spikes; magnitude NOT determined. Ejecta/dust cloud DETECTED 10-20 s after impact, not centred on trajectory",Flash obvious in raw frame (saturated). Ejecta cloud only after pre/post-impact differencing (later analysis),"Veillet & Foing 2007, LPSC 38 #1520 https://www.lpi.usra.edu/meetings/lpsc2007/pdf/1520.pdf ; ESA captions https://sci.esa.int/web/smart-1/-/39964-contour-plot-of-impact-flash , https://sci.esa.int/web/smart-1/-/39968-impact-dust-cloud",conference abstract + agency caption,V
SMART-1 (ESA),2006-09-03 05:42:21.759 [V ESA],"~285 kg [U, task brief]; 366 kg at launch [V ESA]",~2 km/s [V ESA],~1 deg grazing [V ESA],edge of Lacus Excellentiae; slopes of a mountain near Lehmann C / Drebbel D [V Veillet & Foing 2007],"34.26S 46.19W (ESA: 34.4S 46.2W); night side ~9 deg past terminator (SZA 99 deg), Earthshine-lit; 55 deg from sub-Earth pt (well placed); Moon 73% lit [C]","Amateur observer, New Mexico (equipment unknown)",unknown,unknown,'possible detection' of flash (as reported by Veillet & Foing); no published photometry,unknown,Veillet & Foing 2007 (as above),conference abstract,V (claim reported) / U (detection itself)
SMART-1 (ESA),2006-09-03 05:42:21.759 [V ESA],"~285 kg [U, task brief]; 366 kg at launch [V ESA]",~2 km/s [V ESA],~1 deg grazing [V ESA],edge of Lacus Excellentiae; slopes of a mountain near Lehmann C / Drebbel D [V Veillet & Foing 2007],"34.26S 46.19W (ESA: 34.4S 46.2W); night side ~9 deg past terminator (SZA 99 deg), Earthshine-lit; 55 deg from sub-Earth pt (well placed); Moon 73% lit [C]","Other registered participants: ESA OGS Tenerife 1 m & 18 cm; Calar Alto 2.2/3.5 m; TNG 3.58 m La Palma; SAAO; Argentina 0.63 m; Llano del Hato 1.0/0.65 m; Clay Center 0.63 m; Florida Tech 0.8 m; MSFC 0.25 m; MDM 2.4/1.3 m; IRTF 3 m; Subaru auxiliary 0.3 m (400-800 nm); Odin satellite; radio/VLBI (ATCA, Mt Pleasant, Medicina, ROEN, TIGO)",optical/NIR/radio (per site),not published,No detections published/found; 'most other attempts unsuccessful due to weather and observing geometry' (Veillet & Foing). No quantitative upper limits found,n/a,ESA participating-observatory list https://sci.esa.int/web/smart-1-lunar-impact/39928-participating-observatories ; Veillet & Foing 2007,agency page (pre-impact list) + abstract,V (list) / U (individual outcomes)
SMART-1 (ESA),2006-09-03 05:42:21.759 [V ESA],"~285 kg [U, task brief]; 366 kg at launch [V ESA]",~2 km/s [V ESA],~1 deg grazing [V ESA],edge of Lacus Excellentiae; slopes of a mountain near Lehmann C / Drebbel D [V Veillet & Foing 2007],"34.26S 46.19W (ESA: 34.4S 46.2W); night side ~9 deg past terminator (SZA 99 deg), Earthshine-lit; 55 deg from sub-Earth pt (well placed); Moon 73% lit [C]","Laboratory simulation (Univ. Kent light-gas gun) - Burchell, Robin-Williams & Foing 2010",n/a,n/a,"Lab simulations of the SMART-1 impact; abstract/content NOT retrieved (Elsevier paywall, robots-blocked)",n/a,"Burchell et al. 2010, Icarus 207:28-38, doi:10.1016/j.icarus.2009.10.005",peer-reviewed,U (metadata only)
LCROSS Centaur (NASA),2009-10-09 11:31:19.506 [V Marshall et al. 2012],2271.61 kg at separation [V Marshall 2012]; 2305 kg often quoted [R Fernando 2026],2.506885 km/s [V Marshall 2012],85.917 deg (3.67+/-2.3 deg from local vertical) [V Marshall 2012],Cabeus permanently shadowed regolith; water 6.3+/-1.6 wt% [V Strycker 2013],84.6796S 48.7093W; PSR floor in topographic shadow (smooth-sphere SZA 83.5 deg); impact point hidden from Earth behind ~1.8 km foreground hill - plume visible only above that height [V Strycker 2013]; 82.6 deg from sub-Earth pt; Moon 71% lit [C],"ARC 3.5 m, Apache Point / Agile frame-transfer CCD (0.26""/pix, 0.46 km)",V + neutral-density filter,"0.5 s frames, 45 min continuous","DETECTED ejecta plume (no flash in view): max 10.0+/-0.1 mag/arcsec^2 at 17-27 s, ~3.6 km altitude; background 6.75 mag/arcsec^2 (3.25 mag brighter); illuminated mass 2240+/-400 kg at 20 s; peak optical depth 0.0018+/-0.0002","NOT visible in raw frames; PCA filtering of 240 s series (961 components; PCs 1-4 removed), pre/post background subtraction, 2.5 s boxcar, 4x4-pix boxes (later analysis, published 4 yr after)","Strycker et al. 2013, Nat. Commun. 4:2620 https://www.nature.com/articles/ncomms3620",peer-reviewed,V
LCROSS Centaur (NASA),2009-10-09 11:31:19.506 [V Marshall et al. 2012],2271.61 kg at separation [V Marshall 2012]; 2305 kg often quoted [R Fernando 2026],2.506885 km/s [V Marshall 2012],85.917 deg (3.67+/-2.3 deg from local vertical) [V Marshall 2012],Cabeus permanently shadowed regolith; water 6.3+/-1.6 wt% [V Strycker 2013],84.6796S 48.7093W; PSR floor in topographic shadow (smooth-sphere SZA 83.5 deg); impact point hidden from Earth behind ~1.8 km foreground hill - plume visible only above that height [V Strycker 2013]; 82.6 deg from sub-Earth pt; Moon 71% lit [C],Magdalena Ridge Obs. 2.4 m / PHOTGJON,U,0.034 s,"DETECTED plume, 9.3 sigma",PCA filtering required (standard differencing/median failed),"Strycker et al. 2023, Remote Sens. 15:37 https://www.mdpi.com/2072-4292/15/1/37",peer-reviewed,V
LCROSS Centaur (NASA),2009-10-09 11:31:19.506 [V Marshall et al. 2012],2271.61 kg at separation [V Marshall 2012]; 2305 kg often quoted [R Fernando 2026],2.506885 km/s [V Marshall 2012],85.917 deg (3.67+/-2.3 deg from local vertical) [V Marshall 2012],Cabeus permanently shadowed regolith; water 6.3+/-1.6 wt% [V Strycker 2013],84.6796S 48.7093W; PSR floor in topographic shadow (smooth-sphere SZA 83.5 deg); impact point hidden from Earth behind ~1.8 km foreground hill - plume visible only above that height [V Strycker 2013]; 82.6 deg from sub-Earth pt; Moon 71% lit [C],Magdalena Ridge Obs. 2.4 m / PHOTDOC,U,0.034 s,"DETECTED plume, 6.2 sigma",PCA filtering required,Strycker et al. 2023 (as above),peer-reviewed,V
LCROSS Centaur (NASA),2009-10-09 11:31:19.506 [V Marshall et al. 2012],2271.61 kg at separation [V Marshall 2012]; 2305 kg often quoted [R Fernando 2026],2.506885 km/s [V Marshall 2012],85.917 deg (3.67+/-2.3 deg from local vertical) [V Marshall 2012],Cabeus permanently shadowed regolith; water 6.3+/-1.6 wt% [V Strycker 2013],84.6796S 48.7093W; PSR floor in topographic shadow (smooth-sphere SZA 83.5 deg); impact point hidden from Earth behind ~1.8 km foreground hill - plume visible only above that height [V Strycker 2013]; 82.6 deg from sub-Earth pt; Moon 71% lit [C],MMT 6.5 m / CCD47,700 nm,0.079 s,NOT detected (no quantitative limit given in summary),PCA attempted,Strycker et al. 2023,peer-reviewed,V
LCROSS Centaur (NASA),2009-10-09 11:31:19.506 [V Marshall et al. 2012],2271.61 kg at separation [V Marshall 2012]; 2305 kg often quoted [R Fernando 2026],2.506885 km/s [V Marshall 2012],85.917 deg (3.67+/-2.3 deg from local vertical) [V Marshall 2012],Cabeus permanently shadowed regolith; water 6.3+/-1.6 wt% [V Strycker 2013],84.6796S 48.7093W; PSR floor in topographic shadow (smooth-sphere SZA 83.5 deg); impact point hidden from Earth behind ~1.8 km foreground hill - plume visible only above that height [V Strycker 2013]; 82.6 deg from sub-Earth pt; Moon 71% lit [C],NMSU 1.0 m (APO) / StellaCam video,R,video rate,NOT detected,PCA attempted; 8-bit/gamma-corrected video identified as limiting,Strycker et al. 2023,peer-reviewed,V
LCROSS Centaur (NASA),2009-10-09 11:31:19.506 [V Marshall et al. 2012],2271.61 kg at separation [V Marshall 2012]; 2305 kg often quoted [R Fernando 2026],2.506885 km/s [V Marshall 2012],85.917 deg (3.67+/-2.3 deg from local vertical) [V Marshall 2012],Cabeus permanently shadowed regolith; water 6.3+/-1.6 wt% [V Strycker 2013],84.6796S 48.7093W; PSR floor in topographic shadow (smooth-sphere SZA 83.5 deg); impact point hidden from Earth behind ~1.8 km foreground hill - plume visible only above that height [V Strycker 2013]; 82.6 deg from sub-Earth pt; Moon 71% lit [C],TMO 0.6 m / Goodrich NIR video camera,NIR,video rate,NOT detected,PCA attempted,Strycker et al. 2023,peer-reviewed,V
LCROSS Centaur (NASA),2009-10-09 11:31:19.506 [V Marshall et al. 2012],2271.61 kg at separation [V Marshall 2012]; 2305 kg often quoted [R Fernando 2026],2.506885 km/s [V Marshall 2012],85.917 deg (3.67+/-2.3 deg from local vertical) [V Marshall 2012],Cabeus permanently shadowed regolith; water 6.3+/-1.6 wt% [V Strycker 2013],84.6796S 48.7093W; PSR floor in topographic shadow (smooth-sphere SZA 83.5 deg); impact point hidden from Earth behind ~1.8 km foreground hill - plume visible only above that height [V Strycker 2013]; 82.6 deg from sub-Earth pt; Moon 71% lit [C],HST WFC3 imaging + STIS spectroscopy,WFC3 filter ~300 nm; STIS 210-310 nm,"STIS long exposures split into short subexposures; WFC3 3 pairs incl. 45 s exposures, pairs just before/after impact","NOT detected: no OH or other radicals (10 sigma), no obvious ejecta, no glow; OH column upper limit transcribed as '<4x10^5 cm^-2' (helper transcription; check original)",later analysis (preliminary results at LPSC 2010),"Storrs & Colaprete 2010, LPSC 41 #2196 https://www.lpi.usra.edu/meetings/lpsc2010/pdf/2196.pdf",conference abstract,V (numbers flagged)
LCROSS Centaur (NASA),2009-10-09 11:31:19.506 [V Marshall et al. 2012],2271.61 kg at separation [V Marshall 2012]; 2305 kg often quoted [R Fernando 2026],2.506885 km/s [V Marshall 2012],85.917 deg (3.67+/-2.3 deg from local vertical) [V Marshall 2012],Cabeus permanently shadowed regolith; water 6.3+/-1.6 wt% [V Strycker 2013],84.6796S 48.7093W; PSR floor in topographic shadow (smooth-sphere SZA 83.5 deg); impact point hidden from Earth behind ~1.8 km foreground hill - plume visible only above that height [V Strycker 2013]; 82.6 deg from sub-Earth pt; Moon 71% lit [C],Subaru 8.2 m (Hong et al. 2011),unverified,unverified,Reported failure to detect plume (as cited by Strycker 2013),unverified,"Hong et al. 2011, cited in Strycker et al. 2013",peer-reviewed (not retrieved),S
LCROSS Centaur (NASA),2009-10-09 11:31:19.506 [V Marshall et al. 2012],2271.61 kg at separation [V Marshall 2012]; 2305 kg often quoted [R Fernando 2026],2.506885 km/s [V Marshall 2012],85.917 deg (3.67+/-2.3 deg from local vertical) [V Marshall 2012],Cabeus permanently shadowed regolith; water 6.3+/-1.6 wt% [V Strycker 2013],84.6796S 48.7093W; PSR floor in topographic shadow (smooth-sphere SZA 83.5 deg); impact point hidden from Earth behind ~1.8 km foreground hill - plume visible only above that height [V Strycker 2013]; 82.6 deg from sub-Earth pt; Moon 71% lit [C],NMSU-NASA MSFC campaign (Chanover et al. 2011),multiple (unverified),unverified,Reported non-detection (as cited by Strycker 2013); later reprocessing of APO data gave the 2013 detection,later analysis,"Chanover et al. 2011, JGR 116, E08 (not retrieved)",peer-reviewed (not retrieved),S
LCROSS Centaur (NASA),2009-10-09 11:31:19.506 [V Marshall et al. 2012],2271.61 kg at separation [V Marshall 2012]; 2305 kg often quoted [R Fernando 2026],2.506885 km/s [V Marshall 2012],85.917 deg (3.67+/-2.3 deg from local vertical) [V Marshall 2012],Cabeus permanently shadowed regolith; water 6.3+/-1.6 wt% [V Strycker 2013],84.6796S 48.7093W; PSR floor in topographic shadow (smooth-sphere SZA 83.5 deg); impact point hidden from Earth behind ~1.8 km foreground hill - plume visible only above that height [V Strycker 2013]; 82.6 deg from sub-Earth pt; Moon 71% lit [C],"McMath-Pierce solar telescope, Na exosphere spectroscopy (Killen et al. 2010)",Na D (589 nm),first ~9 min after impact (details unverified),"DETECTED sodium: ~2 g of Na ejected in the first 9 min; modelled release 0.5-2.6 (1.5+/-1) kg Na assuming 1000 K gas. The only ground 'detection' before 2013, per Strycker 2013",later analysis (spectral modelling),"Killen et al. 2010, GRL 37, doi:10.1029/2010GL045508 (NTRS abstract https://ntrs.nasa.gov/citations/20110013531)",peer-reviewed (abstract via NTRS),V (abstract)
LCROSS Centaur (NASA),2009-10-09 11:31:19.506 [V Marshall et al. 2012],2271.61 kg at separation [V Marshall 2012]; 2305 kg often quoted [R Fernando 2026],2.506885 km/s [V Marshall 2012],85.917 deg (3.67+/-2.3 deg from local vertical) [V Marshall 2012],Cabeus permanently shadowed regolith; water 6.3+/-1.6 wt% [V Strycker 2013],84.6796S 48.7093W; PSR floor in topographic shadow (smooth-sphere SZA 83.5 deg); impact point hidden from Earth behind ~1.8 km foreground hill - plume visible only above that height [V Strycker 2013]; 82.6 deg from sub-Earth pt; Moon 71% lit [C],Palomar Hale 5 m with adaptive optics; amateur telescopes,unverified,unverified,No plume detected ('neither the impact nor its dust cloud could be seen from Earth'),n/a,Wikipedia LCROSS (secondary) https://en.wikipedia.org/wiki/LCROSS,secondary,S
LCROSS Centaur (NASA),2009-10-09 11:31:19.506 [V Marshall et al. 2012],2271.61 kg at separation [V Marshall 2012]; 2305 kg often quoted [R Fernando 2026],2.506885 km/s [V Marshall 2012],85.917 deg (3.67+/-2.3 deg from local vertical) [V Marshall 2012],Cabeus permanently shadowed regolith; water 6.3+/-1.6 wt% [V Strycker 2013],84.6796S 48.7093W; PSR floor in topographic shadow (smooth-sphere SZA 83.5 deg); impact point hidden from Earth behind ~1.8 km foreground hill - plume visible only above that height [V Strycker 2013]; 82.6 deg from sub-Earth pt; Moon 71% lit [C],"Keck, Gemini, IRTF, other campaign telescopes (Heldmann et al. 2012 summary)",unverified,unverified,Campaign summary paywalled; per-site results and upper limits NOT verified,unverified,"Heldmann et al. 2012, Space Sci. Rev. 167:93-140, doi:10.1007/s11214-011-9759-y (abstract only)",peer-reviewed (abstract only),U
LCROSS Centaur (NASA),2009-10-09 11:31:19.506 [V Marshall et al. 2012],2271.61 kg at separation [V Marshall 2012]; 2305 kg often quoted [R Fernando 2026],2.506885 km/s [V Marshall 2012],85.917 deg (3.67+/-2.3 deg from local vertical) [V Marshall 2012],Cabeus permanently shadowed regolith; water 6.3+/-1.6 wt% [V Strycker 2013],84.6796S 48.7093W; PSR floor in topographic shadow (smooth-sphere SZA 83.5 deg); impact point hidden from Earth behind ~1.8 km foreground hill - plume visible only above that height [V Strycker 2013]; 82.6 deg from sub-Earth pt; Moon 71% lit [C],"LCROSS Shepherding S/C: MIR1 thermal camera, NIR2 camera, UV/Vis spectrometer","mid-IR, near-IR, UV/visible","in situ, through S-SC impact 4 min later","Thermal hot spot ~90+/-25 m wide (MIR1); dark region 62+/-20 m, bright ejecta ring 158+/-40 m [V Marshall full text]; NTRS abstract summary gives a '20 m diameter crater surrounded by 160 m diameter ejecta region' (extractions differ; check original); illuminated plume mass 3150+/-790 kg at 0-23 s from UV/Vis (as quoted by Strycker 2013); flash characteristics (Schultz et al. 2010) NOT retrieved",immediate (real-time downlink) + later analysis,"Marshall et al. 2012, SSR 167 https://ntrs.nasa.gov/api/citations/20140005563/downloads/20140005563.pdf ; Schultz et al. 2010 Science 330:468 (not retrieved)",peer-reviewed,V (Marshall) / U (Schultz)
LCROSS Centaur (NASA),2009-10-09 11:31:19.506 [V Marshall et al. 2012],2271.61 kg at separation [V Marshall 2012]; 2305 kg often quoted [R Fernando 2026],2.506885 km/s [V Marshall 2012],85.917 deg (3.67+/-2.3 deg from local vertical) [V Marshall 2012],Cabeus permanently shadowed regolith; water 6.3+/-1.6 wt% [V Strycker 2013],84.6796S 48.7093W; PSR floor in topographic shadow (smooth-sphere SZA 83.5 deg); impact point hidden from Earth behind ~1.8 km foreground hill - plume visible only above that height [V Strycker 2013]; 82.6 deg from sub-Earth pt; Moon 71% lit [C],LRO Diviner radiometer,thermal IR (4 thermal channels),orbital pass,Thermal signature detected in all four thermal channels (secondary); Hayne et al. 2010 details NOT retrieved,later analysis,Hayne et al. 2010 Science 330:477 (not retrieved); Wikipedia LCROSS,peer-reviewed (not retrieved) + secondary,S
LCROSS Centaur (NASA),2009-10-09 11:31:19.506 [V Marshall et al. 2012],2271.61 kg at separation [V Marshall 2012]; 2305 kg often quoted [R Fernando 2026],2.506885 km/s [V Marshall 2012],85.917 deg (3.67+/-2.3 deg from local vertical) [V Marshall 2012],Cabeus permanently shadowed regolith; water 6.3+/-1.6 wt% [V Strycker 2013],84.6796S 48.7093W; PSR floor in topographic shadow (smooth-sphere SZA 83.5 deg); impact point hidden from Earth behind ~1.8 km foreground hill - plume visible only above that height [V Strycker 2013]; 82.6 deg from sub-Earth pt; Moon 71% lit [C],LRO LAMP UV spectrograph,far-UV,orbital pass,Plume observed (Gladstone et al. 2010) - details NOT retrieved,later analysis,Gladstone et al. 2010 Science 330:472 (not retrieved),peer-reviewed (not retrieved),U
LCROSS Shepherding Spacecraft (NASA),2009-10-09 11:35:36.116 [V Marshall 2012],617.18 kg at separation [V Marshall 2012]; 621 kg often quoted [U],"~2.5 km/s [V NTRS abstract, Fandozzi et al. 2025]",steep (near-vertical) [U],"Cabeus PSR, 2.803 km SW of Centaur crater [V Marshall]",84.719S 49.61W [V Marshall],Same assets as for the Centaur (S-SC impact ~4 min later),-,-,S-SC crater not identified in available imagery (Marshall 2012); no Earth-based detection reported,,Marshall et al. 2012,peer-reviewed,V
Kaguya/SELENE main orbiter (JAXA),2009-06-10 18:25 [V JAXA],"unverified (Wikipedia list gives 1984 kg, apparently not an impact mass)","~1.7 km/s [U, task brief]",low (orbital decay-type) [U],south-eastern near-side highlands [U],"65.5S 80.4E, 'near side, night time area' [V JAXA]; SZA 101 deg (~11 deg past terminator), 87.4 deg from sub-Earth pt (near SE limb, strongly foreshortened); Moon 92% lit, age 17.3 d [C/V]",Anglo-Australian Telescope 3.9 m / IRIS2 near-IR camera,near-IR (filter unverified),unverified,Reported DETECTION of impact flash (task brief); primary publication/AAO report NOT located,unverified,not retrieved (AAO site robots/SSL failure; JAXA press pages 403/blocked),-,U
Kaguya/SELENE main orbiter (JAXA),2009-06-10 18:25 [V JAXA],"unverified (Wikipedia list gives 1984 kg, apparently not an impact mass)","~1.7 km/s [U, task brief]",low (orbital decay-type) [U],south-eastern near-side highlands [U],"65.5S 80.4E, 'near side, night time area' [V JAXA]; SZA 101 deg (~11 deg past terminator), 87.4 deg from sub-Earth pt (near SE limb, strongly foreshortened); Moon 92% lit, age 17.3 d [C/V]",Professional observatory in India (unnamed),unverified,unverified,"Fernando et al. 2026: flash 'observed from at least two professional observatories in India and Australia' (cites Shirao & Wood 2011, Kaguya Lunar Atlas)",unverified,"Fernando et al. 2026, arXiv:2607.14625 https://arxiv.org/abs/2607.14625",preprint (review statement),R
GRAIL Ebb & Flow (NASA),2012-12-17 14:28 PST = 22:28 UTC (Ebb; Flow ~shortly after) [V LROC],"~130 kg each at impact (arrived ~200 kg, ~70 kg fuel used) [V LROC]",~1600 m/s [V LROC] (1.68 km/s [S Wikipedia]),~2 deg [V LROC],unnamed highland massif between Philolaus and Mouchez (near Goldschmidt) [S],"Ebb 75.609N 333.407E (=26.593W), Flow 75.651N 333.168E [V LROC] (task brief's '26.6E' should read 26.6W); night side (SZA 102 deg), 84.8 deg from sub-Earth pt; Moon 27% lit (waxing crescent) [C]",LRO LAMP UV spectrograph,far-UV,slit observation of impact,Wikipedia caption: LAMP slit view 'showing the impact and the resulting plume'; primary (Retherford et al.) NOT retrieved. Conflicts with Fernando 2026 statement that no flash/plume detection has been reported for GRAIL,later analysis,Wikipedia GRAIL (secondary); Fernando et al. 2026 (review),secondary / review,S/R (conflict)
GRAIL Ebb & Flow (NASA),2012-12-17 14:28 PST = 22:28 UTC (Ebb; Flow ~shortly after) [V LROC],"~130 kg each at impact (arrived ~200 kg, ~70 kg fuel used) [V LROC]",~1600 m/s [V LROC] (1.68 km/s [S Wikipedia]),~2 deg [V LROC],unnamed highland massif between Philolaus and Mouchez (near Goldschmidt) [S],"Ebb 75.609N 333.407E (=26.593W), Flow 75.651N 333.168E [V LROC] (task brief's '26.6E' should read 26.6W); night side (SZA 102 deg), 84.8 deg from sub-Earth pt; Moon 27% lit (waxing crescent) [C]","LROC NAC (stereo M1116729371LR, 28 Feb 2013)",visible,single post-impact epoch,"Two craters ~5 m diameter each; dark, irregularly distributed ejecta, little ejecta to the south",before/after comparison (later analysis),LROC 'Impact!' 19 Mar 2013 https://lroc.im-ldi.com/images/596,mission team post,V
GRAIL Ebb & Flow (NASA),2012-12-17 14:28 PST = 22:28 UTC (Ebb; Flow ~shortly after) [V LROC],"~130 kg each at impact (arrived ~200 kg, ~70 kg fuel used) [V LROC]",~1600 m/s [V LROC] (1.68 km/s [S Wikipedia]),~2 deg [V LROC],unnamed highland massif between Philolaus and Mouchez (near Goldschmidt) [S],"Ebb 75.609N 333.407E (=26.593W), Flow 75.651N 333.168E [V LROC] (task brief's '26.6E' should read 26.6W); night side (SZA 102 deg), 84.8 deg from sub-Earth pt; Moon 27% lit (waxing crescent) [C]",Ground-based,-,-,No ground-based attempt or result found,-,-,-,U
LADEE (NASA),"2014-04-18, between 04:30 and 05:22 UT [S Wikipedia]",~248 kg [V LROC],1699 m/s [V LROC],"low angle, heading west (value not given) [V LROC]",eastern rim of Sundman V crater (highlands) [V LROC],"11.8494N 266.7507E (=93.25W) [V LROC]; geocentrically on the limb (89.7 deg from sub-Earth pt), sunlit (SZA ~54 deg); Moon 90% lit [C]; described as far side by NASA [S]",LROC NAC (ratio of M1163066820RE / M1101816767RE),visible,-,"Crater <3 m (models predicted ~1.8 m); V-shaped ejecta to NW, bright material >200 m W, minor SE ejecta 20-30 m; 295 m N of predicted location",before/after ratio images (later analysis),LROC 'LADEE Impact Crater Found!' 28 Oct 2014 https://lroc.im-ldi.com/images/822,mission team post,V
LADEE (NASA),"2014-04-18, between 04:30 and 05:22 UT [S Wikipedia]",~248 kg [V LROC],1699 m/s [V LROC],"low angle, heading west (value not given) [V LROC]",eastern rim of Sundman V crater (highlands) [V LROC],"11.8494N 266.7507E (=93.25W) [V LROC]; geocentrically on the limb (89.7 deg from sub-Earth pt), sunlit (SZA ~54 deg); Moon 90% lit [C]; described as far side by NASA [S]",Ground-based,-,-,None reported/found (limb/far-side geometry),-,-,-,U
Lunar Prospector (NASA),1999-07-31 ~09:52 UT [U],161 kg [U task brief]; Wikipedia list 126 kg [S],~1.7 km/s [U],low [U],permanently shadowed crater near south pole (cold trap) [U/S],87.7S 42.35E [S Wikipedia]; ~91.8 deg from sub-Earth pt (impact point beyond limb; only material rising above limb observable); smooth-sphere SZA ~89.5 deg (PSR); Moon 91% lit [C],"HST, McDonald, Keck and others (Goldstein et al. 1999 GRL; 2001)",OH 308-309 nm UV emission (and others) [U],unverified,No detection of OH/water reported (task brief); primary papers NOT retrieved; Fernando 2026: no flash or plume detection reported for Lunar Prospector,unverified,Goldstein et al. 1999 GRL 26 (not retrieved); Fernando et al. 2026 (review),peer-reviewed (not retrieved) / review,U/R
Hiten (ISAS),1993-04-10 18:03:25.7 [S Wikipedia],~143 kg [S],unverified,unverified,between Stevinus and Furnerius [S],"34.3S 55.6E; trajectory moved to near side 'so that it could be observed' [S]; night side (SZA 100 deg), 57 deg from sub-Earth pt; Moon 80% lit [C]",Anglo-Australian Telescope (per Fernando 2026 citing Cudnik 2009),unverified,unverified,Fernando 2026: 'impact flash from Hiten was captured by the Anglo-Australian telescope (Cudnik 2009)'; original not retrieved,unverified,"Fernando et al. 2026 (review statement); Cudnik 2009 (book, not retrieved)",review,R
Chandrayaan-1 Moon Impact Probe (ISRO),2008-11-14 ~15:01 UT [U],~35 kg [S],unverified,unverified,"near Shackleton, south pole [S]","89.77S 39.4W [S]; 84 deg from sub-Earth pt, near-terminator polar (SZA 88 deg); Moon 97% lit [C]",-,-,-,No Earth-based observation found,-,-,-,U
Chang'e 1 (CNSA),2009-03-01 ~08:13 UT [U],unverified (Wikipedia list 2000 kg),unverified,unverified,Mare Fecunditatis area [U],"1.50S 52.36E [S]; sunlit (SZA ~71 deg), 57 deg from sub-Earth pt; Moon 19% lit (waxing crescent) [C]",-,-,-,No primary report of Earth-based observation retrieved,-,-,-,U
Chang'e 5-T1 booster / rocket body (identity unresolved per LROC),2022-03-04 (~12:25 UT [U]),unverified (~2.8 t [S]),unverified (~2.6 km/s [U]),unverified,Orientale ejecta over Hertzsprung rim [V LROC],"5.226N 234.486E, far side (130 deg from sub-Earth pt) [V/C]; not observable from Earth",LROC NAC (M1407760984R 21 May 2022 vs M1400727806L 28 Feb 2022),visible,-,"Double crater: eastern 18 m superimposed on western 16 m, ~28 m long; 'may indicate large masses at each end'",before/after search (later analysis),LROC 'Mystery Rocket Body Found!' 23 Jun 2022 https://lroc.im-ldi.com/images/1261,mission team post,V
Beresheet (SpaceIL),2019-04-11 [V LROC] (~19:23 UT [U]),unverified (~150 kg [S]),'~1000 m/s faster than intended' [V LROC],<10 deg [V LROC],Mare Serenitatis [U],"32.5956N 19.3496E [V LROC]; sunlit (SZA ~81 deg), 39 deg from sub-Earth pt; Moon 39% lit [C]","LROC NAC (M1310536929R, 11 d after)",visible,-,No crater detectable at NAC scale ('gouge rather than crater'); ~10 m dark smudge; reflectance halo 30-50 m; ray ~100 m to S,before/after ratio,LROC 'Beresheet Crash Site Spotted!' 15 May 2019 https://lroc.im-ldi.com/images/1101,mission team post,V
Chandrayaan-2 Vikram (ISRO),2019-09-06 ~20:23 UT [U],~1471 kg [S],unverified,unverified,south polar highlands [U],"70.88S 22.78E [S]; sunlit near terminator (SZA ~84 deg), 69 deg from sub-Earth pt; Moon 57% lit [C]",LROC NAC (debris field; not fetched by this task),visible,-,Not verified here,-,LROC post (id 1131 per parallel log; not fetched here),mission team post,U
HAKUTO-R Mission 1 (ispace),2023-04-25 ~16:40 UTC (12:40 pm EDT) [V LROC],unverified (~340 kg [S]),unverified (free fall after propellant exhaustion [U]),unverified,near Atlas crater [V LROC],"47.581N 44.094E [V LROC]; sunlit (SZA ~79 deg), 65 deg from sub-Earth pt; Moon 30% lit [C]","LROC NAC (M1437131607R, 26 Apr 2023)",visible,-,At least four prominent debris pieces; possible small crater; higher-reflectance area ~60-80 m across,before/after comparison,LROC 23 May 2023 https://lroc.im-ldi.com/images/1302,mission team post,V
Luna 25 (Roscosmos),2023-08-19 11:58 UTC [V LROC],unverified (~1750 kg [S]),unverified,unverified,SW rim of Pontecoulant G [V LROC],"57.865S 61.360E [V LROC]; sunlit near terminator (SZA ~86 deg), 74 deg from sub-Earth pt; Moon 8.5% lit [C]","LROC NAC (M1447547309R etc., 24 Aug 2023)",visible,-,New crater ~10 m across,before (Jun 2022) / after comparison,LROC 'Luna 25 Impact Crater' 29 Nov 2023 https://lroc.im-ldi.com/images/1311,mission team post,V
ispace Mission 2 RESILIENCE,2025-06-05 18:13 UTC [V LROC],unverified (~340 kg [S]),unverified,unverified,Mare Frigoris [U],"60.4445N 355.4120E [V LROC]; sunlit (SZA ~78 deg), 58 deg from sub-Earth pt; Moon 74% lit [C]",LROC NAC (M1504323448R),visible,-,Dark smudge surrounded by subtle bright halo (no crater size given),before/after comparison,LROC 20 Jun 2025 https://lroc.im-ldi.com/images/1456,mission team post,V
"Falcon 9 upper stage 2025-010D (Blue Ghost 1 launch, 15 Jan 2025)",2026-08-05 06:35 UTC [V LROC]; predicted 06:35:37.5 +/- few s [V Gray],~4000 kg [V Fernando] / ~4900 kg [V Gray] / 3900 kg [S Wikipedia] - conflict,2.43 km/s [V Fernando; Gray],~31 deg [V LROC; Gray]; Fernando v1 gave 34 deg from vertical (=56 deg from horizontal) - conflict,near Einstein crater; regolith vs bedrock unknown pre-impact [V Fernando]; ejecta mixed mature + immature (>50 cm depth) [V LROC],"19.4759N 266.7138E (=93.29W), 511 m elev. [V NASA/LROC]; geocentrically on the limb (89.9 deg from sub-Earth pt), sunlit (SZA ~21 deg); Moon 59% lit [C/Horizons]",KPLO/Danuri LUTI camera,visible,single image a few hours after impact,Crater imaged; CNEOS predicted location accurate to ~0.6 mi (~1 km),post-event targeting,NASA 18 Aug 2026 https://science.nasa.gov/solar-system/moon/nasas-lro-images-falcon-9-crater-on-moon-learns-new-details/ ; LROC https://lroc.im-ldi.com/images/1499,agency press release + team post,V
"Falcon 9 upper stage 2025-010D (Blue Ghost 1 launch, 15 Jan 2025)",2026-08-05 06:35 UTC [V LROC]; predicted 06:35:37.5 +/- few s [V Gray],~4000 kg [V Fernando] / ~4900 kg [V Gray] / 3900 kg [S Wikipedia] - conflict,2.43 km/s [V Fernando; Gray],~31 deg [V LROC; Gray]; Fernando v1 gave 34 deg from vertical (=56 deg from horizontal) - conflict,near Einstein crater; regolith vs bedrock unknown pre-impact [V Fernando]; ejecta mixed mature + immature (>50 cm depth) [V LROC],"19.4759N 266.7138E (=93.29W), 511 m elev. [V NASA/LROC]; geocentrically on the limb (89.9 deg from sub-Earth pt), sunlit (SZA ~21 deg); Moon 59% lit [C/Horizons]","LRO NAC (11-12 Aug 2026; before M1370003265R, after M1541091337R; oblique M1541154479)",visible,multiple phase angles 105-37 deg,"Crater 18 m (~60 ft) diameter, <3 m (<10 ft) deep; V-shaped ejecta/forbidden zone on S side",before/after comparison,LROC 'Falcon 9 Impact!' 18 Aug 2026 https://lroc.im-ldi.com/images/1499 ; NASA 18 Aug 2026,team post + press,V
"Falcon 9 upper stage 2025-010D (Blue Ghost 1 launch, 15 Jan 2025)",2026-08-05 06:35 UTC [V LROC]; predicted 06:35:37.5 +/- few s [V Gray],~4000 kg [V Fernando] / ~4900 kg [V Gray] / 3900 kg [S Wikipedia] - conflict,2.43 km/s [V Fernando; Gray],~31 deg [V LROC; Gray]; Fernando v1 gave 34 deg from vertical (=56 deg from horizontal) - conflict,near Einstein crater; regolith vs bedrock unknown pre-impact [V Fernando]; ejecta mixed mature + immature (>50 cm depth) [V LROC],"19.4759N 266.7138E (=93.29W), 511 m elev. [V NASA/LROC]; geocentrically on the limb (89.9 deg from sub-Earth pt), sunlit (SZA ~21 deg); Moon 59% lit [C/Horizons]","Planned ground: ARC 3.5 m APO (high-cadence imaging); LDT 4.3 m (Na spectroscopy); VLT UT2/UVES (OH, Na, K); NASA Impact Flash citizen science; Lunar Impact Flash network/portal","V, R, I, J (J for daylight); Li I 670.8 nm; Na, K, OH",>=20 fps recommended for flash,NO published observational result found as of 2026-10-05 (NASA/LROC/Project Pluto pages silent on Earth-based observations; arXiv astro-ph.EP Aug-Sep 2026 listings only partially checked) - unverified,differencing vs stacked reference recommended (Fernando 2026),Fernando et al. 2026 arXiv:2607.14625,preprint (plan),V (plan) / U (outcome)
"Apollo S-IVB stages (Apollo 13,14,15,17)",1970-1972,~13.5-14.0 t [S],~2.5-2.6 km/s [U],unverified,mare/highland,near side,LROC NAC (crater survey),visible,-,"Craters >35 m, 35-40 m diameter, irregular outlines (no double craters)",-,LROC 'Mystery Rocket Body Found!' https://lroc.im-ldi.com/images/1261,mission team post,V (crater sizes)
