id,used_in,printed_text,original_text,language,kind,source_key,source,published,accessed,retrieval,status,original_sha256,action
Q01,paper/sections/02_baseline.tex,2027 y\i l\i n\i n ilk aylar\i nda,2027 yılının ilk aylarında fırlatılması hedeflenen,tr,direct quotation (shortened),TUA-16Sep26,https://tua.gov.tr/tr/haberler/turkiye-nin-ay-yolculugunda-geri-sayim-basladi,2026-09-16,2026-10-05; 2026-10-07,page-reading tool (text passed through a summarising model); no raw snapshot archived,V-tool,c3337ca7886a2a36190396ca1d08aa761169ada81671459b41cd23b81e0b512a,none
Q02,paper/sections/00_abstract.tex; paper/sections/01_intro.tex,the first months,ilk aylarında (TUA); Gelecek yılın ilk aylarında (AA report of the minister),tr,translation by the authors,TUA-16Sep26,https://tua.gov.tr/tr/haberler/turkiye-nin-ay-yolculugunda-geri-sayim-basladi,2026-09-16,2026-10-05; 2026-10-07,page-reading tool (text passed through a summarising model); no raw snapshot archived,V-tool,7375f6bd4471629a6438fd3a625feb197e6f8365c69522e6e92fffad1157672f,none
Q03,paper/sections/00_abstract.tex; paper/sections/01_intro.tex; paper/sections/02_baseline.tex,first half,targeted for launch in the first half of 2027 (EN); 2027 yılının ilk yarısında fırlatılması hedefleniyor (TR),en,direct quotation (shortened),UZAY-EN-14Sep26,https://uzay.tubitak.gov.tr/en/integration-activities-of-turkiyes-first-lunar-spacecraft-successfully-concluded/?lang=en,2026-09-14,2026-10-05; 2026-10-07,page-reading tool (text passed through a summarising model); no raw snapshot archived,V-tool,269725090c0fb5a4941e97440e638bb1a2cbf2c4a744adbf6f987ed4451a4487,none
Q04,paper/sections/02_baseline.tex,2027 Q2,Target Launch Date 2027 Q2 (EN); Beklenen Fırlatma Tarihi: 2027 Q2 (TR),en,direct quotation,UZAY-PROG,https://uzay.tubitak.gov.tr/en/space-exploration-lunar-research-program/?lang=en (EN); https://uzay.tubitak.gov.tr/uzayin-kesfi-ay-arastirma-programi/ (TR),undated (current in 2026),2026-10-05; 2026-10-07,page-reading tool (text passed through a summarising model); no raw snapshot archived,V-tool,160d0e70ed88c9676eeb56ffdc7d9b83b02d9e3d3930e312c5eff2f0b2b6618d,none
Q05,paper/sections/02_baseline.tex,first months of next year,Gelecek yılın ilk aylarında uzaya gönderilmesi planlanan milli kabiliyetlerin eseri uzay aracıyla Ay yörüngesinde bilimsel araştırmalar gerçekleştireceklerini ve Ay'a erişeceklerini vurgulayan,tr,translation by the authors of the agency's reported (indirect) speech,AA-5Oct26,https://www.aa.com.tr/tr/bilim-teknoloji/sanayi-ve-teknoloji-bakani-kacir-daha-adil-bir-dunya-mumkun-ideali-uzay-vizyonumuzun-da-pusulasi/4078689,2026-10-05 (updated 2026-10-06),2026-10-07,page-reading tool (text passed through a summarising model); no raw snapshot archived; single extraction,V-tool,bd2748e3756e658dd9eb13fc65e154fb8844ed562c887dfde6ddacbe565e3d89,"manuscript: attribute to the AA report of the minister, marked as our translation"
Q06,paper/sections/02_baseline.tex,Cape Canaveral,Cape Canaveral,tr,direct quotation (term),UZAY-TR-14Sep26,https://uzay.tubitak.gov.tr/turkiyenin-ilk-ay-uzay-aracinin-entegrasyon-faaliyetleri-tamamlandi/,2026-09-14,2026-10-05,page-reading tool (text passed through a summarising model); no raw snapshot archived,V-tool,20931ea771589d5d08282a5d5f2b0070254112e5c7b34c6ab7ed1d6a7d07a982,none
Q07,paper/sections/02_baseline.tex,Supersynchronous GTO,The spacecraft will be launched to a Supersynchronous GTO and will follow a series of transfer orbits until Lunar transfer orbit injection.,en,direct quotation (term),GLEX25,"https://iafastro.directory/iac/paper/id/93595/abstract-pdf/GLEX-2025,2,2,1,x93595.brief.pdf",2025,2026-10-05,page-reading tool (text passed through a summarising model); no raw snapshot archived,V-tool,b986d83e98a5fda9ffe46efe3214a355c74b97bcab1fd13741b4efef52e6b3ba,none
Q08,paper/sections/02_baseline.tex,a series of transfer orbits until Lunar transfer orbit injection,The spacecraft will be launched to a Supersynchronous GTO and will follow a series of transfer orbits until Lunar transfer orbit injection.,en,direct quotation (shortened),GLEX25,"https://iafastro.directory/iac/paper/id/93595/abstract-pdf/GLEX-2025,2,2,1,x93595.brief.pdf",2025,2026-10-05,page-reading tool (text passed through a summarising model); no raw snapshot archived,V-tool,b986d83e98a5fda9ffe46efe3214a355c74b97bcab1fd13741b4efef52e6b3ba,manuscript: capital L as in the source (release 2.0 printed lower case)
Q09,paper/sections/02_baseline.tex,approximately two months,translunar trajectory lasting approximately two months,en,direct quotation (shortened),UZAY-EN-14Sep26,https://uzay.tubitak.gov.tr/en/integration-activities-of-turkiyes-first-lunar-spacecraft-successfully-concluded/?lang=en,2026-09-14,2026-10-05,page-reading tool (text passed through a summarising model); no raw snapshot archived,V-tool,a22824caa327b9df16674934dfa99d664f6ea84e623f01ea4b365ea36c32f5da,none
Q10,paper/sections/02_baseline.tex,yakla\c{s}\i k iki ayl\i k,yaklaşık iki aylık yolculuğun ardından,tr,direct quotation (shortened),TUA-16Sep26,https://tua.gov.tr/tr/haberler/turkiye-nin-ay-yolculugunda-geri-sayim-basladi,2026-09-16,2026-10-05,page-reading tool (text passed through a summarising model); no raw snapshot archived,V-tool,655b377b9a675b1e137f09adbf6d48e5550ca6f3ff6c4137a6ba810baaa73760,"manuscript: ""iki aylık"" as in the source (release 2.0 printed ""iki ay"")"
Q11,paper/sections/02_baseline.tex,at least three months,at least three months (AA English); en az üç ay boyunca görev yapması (TUA),en,direct quotation (AA English) / translation of TUA,AA-2Oct26,https://www.aa.com.tr/en/turkiye/from-ottoman-rocket-man-to-lunar-mission-how-did-turkiye-s-long-road-into-space-begin/4076132,2026-10-02,2026-10-05,page-reading tool (text passed through a summarising model); no raw snapshot archived,V-tool,57ee49ccacebba3541c66df4a29a3ae251bb9b0861577ef33bd8de66472289b9,none
Q12,paper/sections/02_baseline.tex,could be extended up to 1.5 years,"could be extended up to 1.5 years (EN); görev performansına bağlı olarak bu süreyi 1,5 yıla kadar uzatabileceğiz (Kacır, TÜBİTAK)",en,direct quotation (shortened),UZAY-EN-14Sep26,https://uzay.tubitak.gov.tr/en/integration-activities-of-turkiyes-first-lunar-spacecraft-successfully-concluded/?lang=en,2026-09-14,2026-10-05,page-reading tool (text passed through a summarising model); no raw snapshot archived,V-tool,ff5b9888bb739b1cf55d2636f200edcb0e82cf6ad408e3d81bc1193c3f6eae93,"manuscript: replaces the paraphrase ""up to 1.5 years depending on performance"" printed in quotation marks in release 2.0"
Q13,paper/sections/02_baseline.tex,operate for about three months,operate for about three months — with a possible extension to six months,en,direct quotation (shortened),IRF-Dec25,https://www.irf.se/en/aktuellt/2025/12-02-irf-instrument-for-turkisk-manmission-narmar-sig-leverans-efter-lyckat-test/,2025-12-02 (from the URL path),2026-10-05,page-reading tool (text passed through a summarising model); no raw snapshot archived,V-tool,5c138c8193d1f51a495f85ea0965d58b4fb915905a6fa59ba139e5ae7ccf3e76,"manuscript: replaces the paraphrase ""about 3 months, up to 6"" printed in quotation marks in release 2.0"
Q14,paper/sections/02_baseline.tex,controlled deorbit maneuvers executed utilizing its propulsion systems including domestic Hybrid Propulsion System,the spacecraft will be guided toward the lunar surface through controlled deorbit maneuvers executed utilizing its propulsion systems including domestic Hybrid Propulsion System,en,direct quotation (shortened),UZAY-EN-14Sep26,https://uzay.tubitak.gov.tr/en/integration-activities-of-turkiyes-first-lunar-spacecraft-successfully-concluded/?lang=en,2026-09-14,2026-10-05,page-reading tool (text passed through a summarising model); no raw snapshot archived,V-tool,eca6c8e1f0883661d4cc617b3b6d5c60a3c5ec7992ebbe9b1a82987cda3d411c,none
Q15,paper/sections/02_baseline.tex,hard landing,execute a hard landing on the surface at the end of the mission,en,direct quotation (term),UZAY-PROG,https://uzay.tubitak.gov.tr/en/space-exploration-lunar-research-program/?lang=en (EN); https://uzay.tubitak.gov.tr/uzayin-kesfi-ay-arastirma-programi/ (TR),undated (current in 2026),2026-10-05,page-reading tool (text passed through a summarising model); no raw snapshot archived,V-tool,d1cef5e1af677b36411874ef713de66b04b8b2f057294d31b788bc2cbd5e29e6,none
Q16,paper/sections/02_baseline.tex; paper/sections/01_intro.tex,a guided deceleration will also be attempted before the impact,a guided deceleration will also be attempted before the impact to gain operational experience for the AYAP-2 soft landing mission,en,direct quotation (01_intro shortened),GLEX25,"https://iafastro.directory/iac/paper/id/93595/abstract-pdf/GLEX-2025,2,2,1,x93595.brief.pdf",2025,2026-10-05,page-reading tool (text passed through a summarising model); no raw snapshot archived,V-tool,dd3cdfa812f22aed02def385b177dc79b8199aa97675c75bf97caf746ea94d88,none
Q17,paper/sections/02_baseline.tex,a target area on the Lunar surface,a de-orbit maneuver will be initiated and the spacecraft will be impacted to a target area on the Lunar surface,en,direct quotation (shortened),GLEX25,"https://iafastro.directory/iac/paper/id/93595/abstract-pdf/GLEX-2025,2,2,1,x93595.brief.pdf",2025,2026-10-05,page-reading tool (text passed through a summarising model); no raw snapshot archived,V-tool,aed215cdc7b8efe1799c295e00d0f1ff532d4c95bd44139b0cfebd37f4b11737,none
Q18,paper/sections/02_baseline.tex,next year we will \ldots reach the Moon,"Önümüzdeki yıl aya erişen, kendi imkanlarıyla ulaşan ilk Müslüman ülke olacağız.",tr,"translation by the authors (condensed, with ellipsis)",TRT-5Oct26,https://www.trthaber.com/haber/bilim-teknoloji/turkiyenin-ay-hedefinde-geri-sayim-959151.html,2026-10-05,2026-10-05,page-reading tool (text passed through a summarising model); no raw snapshot archived,V-tool,aab25debdd06093020b58b9c1e821c1cdde064e4fe178b28015c95a903962725,manuscript: mark as our translation
Q19,paper/sections/02_baseline.tex,approximately 3.5 tons,"launch mass of approximately 3.5 tons (EN); Yaklaşık 3,5 ton ağırlığındaki Ay Uzay Aracı (TR)",en,direct quotation (shortened),UZAY-EN-14Sep26,https://uzay.tubitak.gov.tr/en/integration-activities-of-turkiyes-first-lunar-spacecraft-successfully-concluded/?lang=en,2026-09-14,2026-10-05,page-reading tool (text passed through a summarising model); no raw snapshot archived,V-tool,053a5148d2b59878699b229873d71826254b0ec170c9a0d27ec2fd957f377bb1,"manuscript: ""tons"" as in the source (release 2.0 printed ""t"")"
Q20,paper/sections/02_baseline.tex,$<3600$ kg,Fırlatma Kütlesi: < 3600 kg,tr,direct quotation (value),UZAY-PROG,https://uzay.tubitak.gov.tr/en/space-exploration-lunar-research-program/?lang=en (EN); https://uzay.tubitak.gov.tr/uzayin-kesfi-ay-arastirma-programi/ (TR),undated (current in 2026),2026-10-05,page-reading tool (text passed through a summarising model); no raw snapshot archived,V-tool,ea88b2b5e1948192fa9e21d037056c1439b5d4b6dd67ab2daba1bf4dd323d001,none
Q21,paper/sections/02_baseline.tex,"T\""urkiye'nin ilk Ay G\""orevi (AYAP-1)",Türkiye'nin ilk Ay Görevi (AYAP-1),tr,direct quotation (name),UZAY-SWG2,https://uzay.tubitak.gov.tr/turkiyenin-ilk-ay-gorevi-ayap-1-kapsaminda-30-ve-31-ocak-2024-tarihlerinde-2-bilimsel-calisma-grubu-toplantisi-turk-hava-kurumu-universitesinin-ev-sahipliginde-gerceklesti/,2024-02-02,2026-10-05,page-reading tool (text passed through a summarising model); no raw snapshot archived,V-tool,15bc4920c9339cde227f09a51845afa6c4373d33e6d8227fb58436bfc4d75b50,none
Q22,paper/sections/02_baseline.tex,TLM-1,"With the TLM-1 project, Turkiye will realize its first Lunar mission",en,direct quotation (name),GLEX25,"https://iafastro.directory/iac/paper/id/93595/abstract-pdf/GLEX-2025,2,2,1,x93595.brief.pdf",2025,2026-10-05,page-reading tool (text passed through a summarising model); no raw snapshot archived,V-tool,c5fe1fef0cad731d1345a1ff70c0767bd04a85467f573ef70878480fcaa4a9f1,none
Q23,paper/sections/02_baseline.tex,Ay Uzay Arac\i,Ay Uzay Aracı,tr,direct quotation (name),TUA-16Sep26,https://tua.gov.tr/tr/haberler/turkiye-nin-ay-yolculugunda-geri-sayim-basladi,2026-09-16,2026-10-05,page-reading tool (text passed through a summarising model); no raw snapshot archived,V-tool,2ec420ee6313ee2d091dc2696771474b6e959702796b05f992626a7ccdb3bb41,none
Q24,paper/sections/04_precedents.tex,2-tonne dry mass,2-tonne dry mass,en,direct quotation,ESA-44977,https://sci.esa.int/web/smart-1/-/44977-aat-observations-of-the-kaguya-impact-flash,2009,2026-10-07,page-reading tool (text passed through a summarising model); no raw snapshot archived,V-tool,fbb7e3a9b455b76ad1de78ecf66ce1dd1c398834a3369df951c99925f25d63a7,none
Q25,paper/sections/04_precedents.tex; research/precedents.md; research/audit_2026-10_sources.md,with 0.6 seconds intervals,narrow band filter centred at 2.3 µm … 1 second exposures with 0.6 seconds intervals,en,direct quotation (shortened),ESA-44977,https://sci.esa.int/web/smart-1/-/44977-aat-observations-of-the-kaguya-impact-flash,2009,2026-10-07,page-reading tool (text passed through a summarising model); no raw snapshot archived; the re-audit's later access returned HTTP 451,V-tool,81ecdc36ecad8c85a642ec36472e68b1b4553589ad2036e1442cd9270912316a,"the 0.6 s is reported as an inter-exposure interval, not a frame period; exact cadence unverified"
Q26,paper/sections/04_precedents.tex,captured,"captured (Hiten flash, review statement citing Cudnik 2009)",en,direct quotation of a review statement,FERNANDO2026,"Fernando et al. 2026, arXiv:2607.14625, https://arxiv.org/abs/2607.14625",2026-07-16,2026-10-05,page-reading tool (text passed through a summarising model); no raw snapshot archived,R,bfe8e0f5dc6871a4f1e8c19c36c7e381f6ed7001a6b0d4af729a66a4e5e9cd6d,none
Q27,paper/sections/04_precedents.tex,extremely over-exposed,extremely over-exposed … very difficult to estimate the magnitude,en,direct quotation (shortened),VF2007,"Veillet & Foing 2007, LPSC 38 #1520, https://www.lpi.usra.edu/meetings/lpsc2007/pdf/1520.pdf",2007,2026-10-07,page-reading tool (text passed through a summarising model); no raw snapshot archived,V-tool,25f556fd309154ef022943613dfc027a343f9d3159d1bb8b5e0f8fe7cac55f49,none
Q28,paper/sections/04_precedents.tex,possible,"possible detection (amateur observer, New Mexico)",en,direct quotation (word),VF2007,"Veillet & Foing 2007, LPSC 38 #1520, https://www.lpi.usra.edu/meetings/lpsc2007/pdf/1520.pdf",2007,2026-10-05,page-reading tool (text passed through a summarising model); no raw snapshot archived,V-tool,306a500b7b934dd32a3d576285ea31488f00f94430e0effc6161382bcf96dadf,none
Q29,research/precedents.md; research/audit_2026-10_sources.md,excess emission signatures at 185 nm and at Lyman-alpha (121.6 nm),excess emission signatures at 185 nm and at Lyman-alpha (121.6 nm),en,direct quotation,RETHERFORD2013,"Retherford et al. 2013, LPSC 44 #3004, https://www.lpi.usra.edu/meetings/lpsc2013/pdf/3004.pdf",2013,2026-10-07,page-reading tool (text passed through a summarising model); no raw snapshot archived,V-tool,ea250e77142c7df59462d3736049aca9ea62d74a8b343ead12110c0348ca6ee1,none
Q30,research/precedents.md; research/audit_2026-10_sources.md,"the flash magnitude was not obtained, so it is not possible to obtain the luminous efficiency","the flash magnitude was not obtained, so it is not possible to obtain the luminous efficiency",en,direct quotation,BURCHELL2010,"Burchell, Robin-Williams & Foing 2010, Icarus 207, 28-38 (abstract), https://kar.kent.ac.uk/37222/",2010,2026-10-07,page-reading tool (text passed through a summarising model); no raw snapshot archived,V-tool,fcd358e7be589aebc853ec8d371383cfc0909a919d63657dbfeebf73eb599da8,none
Q31,scripts/make_orbiter_seasons.py,"2028년 3월, 달에 충돌하도록 할 계획이다","이후 달착륙과 유사한 고도까지 낮추어 달착륙에 필요한 기술을 시험한 뒤 2028년 3월, 달에 충돌하도록 할 계획이다.",ko,direct quotation (shortened),KASA-10Feb25,"KASA (Korea AeroSpace Administration) press release, 10 February 2025; URL not supplied (KASA site unreachable from the analysis environment)",2025-02-10,2026-10-07,supplied by the study's author (text quoted to us); not retrieved by our tools,P,cb7d13ad108c5725e2a59ec33fb3f685be18cba1f4c0c41e523eff69dae263bb,URL to be added when available
